pi.vec,procedure,FDR,n,bound,power,dep
0.01,Bonferroni,0.029423744297369298,50,1,0.26689253658248263,0
0.01,LORD,0.017721422103993825,50,1,0.22333088465013384,0
0.01,ADDIS,0.02084233305217181,50,1,0.2132904879982457,0
0.01,LORD2.plus,0.018583574249682475,50,1,0.22568309817530882,0
0.01,SAFFRON,0.04372759546920766,50,1,0.20042332960669287,0
0.01,LOND,0.030659143296592428,50,1,0.2686918965473567,0
0.01,LOND.dep,0.0106769668831985,50,1,0.22259121344918137,1
0.01,LORD.dep,0.008533101641414142,50,1,0.21663922452736192,1
0.02,Bonferroni,0.026436586573813366,50,1,0.2670827851220684,0
0.02,LORD,0.016808096278105346,50,1,0.22361867543207997,0
0.02,ADDIS,0.020324606171266614,50,1,0.2166994475685808,0
0.02,LORD2.plus,0.018563436669532918,50,1,0.2279787450660986,0
0.02,SAFFRON,0.04431256074101896,50,1,0.20258126559012737,0
0.02,LOND,0.02872171645213224,50,1,0.2702019766931896,0
0.02,LOND.dep,0.010162219648891378,50,1,0.2237827099388092,1
0.02,LORD.dep,0.007968370601511624,50,1,0.21684873247588618,1
0.03,Bonferroni,0.025168722436275454,50,1,0.2661512963657587,0
0.03,LORD,0.01532459260115385,50,1,0.222455694409333,0
0.03,ADDIS,0.021024640060307655,50,1,0.2200375217123787,0
0.03,LORD2.plus,0.017883419880152285,50,1,0.22848007793577682,0
0.03,SAFFRON,0.0430141361839664,50,1,0.204576683381674,0
0.03,LOND,0.02842917285781582,50,1,0.2703472322993376,0
0.03,LOND.dep,0.009441138795279705,50,1,0.2237771680299039,1
0.03,LORD.dep,0.0073137604196700555,50,1,0.2167019429084132,1
0.04,Bonferroni,0.023817575140219257,50,1,0.26925518587210784,0
0.04,LORD,0.015533790073362913,50,1,0.22488830763154474,0
0.04,ADDIS,0.02029310795166454,50,1,0.2216693960426599,0
0.04,LORD2.plus,0.018728982296388554,50,1,0.23326843603658376,0
0.04,SAFFRON,0.04325465667952341,50,1,0.20794025320077772,0
0.04,LOND,0.02799059062698923,50,1,0.27509027735174685,0
0.04,LOND.dep,0.009430239218620217,50,1,0.22751490623729076,1
0.04,LORD.dep,0.007089131130745295,50,1,0.21868488917012935,1
0.05,Bonferroni,0.02177638800273514,50,1,0.2687767654344651,0
0.05,LORD,0.0148185831644486,50,1,0.22465277460157337,0
0.05,ADDIS,0.02060016533053004,50,1,0.2254290953430314,0
0.05,LORD2.plus,0.01863763948596523,50,1,0.23512418681545172,0
0.05,SAFFRON,0.04296532214972487,50,1,0.21063133468651293,0
0.05,LOND,0.026825121095348806,50,1,0.27621852627744825,0
0.05,LOND.dep,0.008935067730883718,50,1,0.2276902026889836,1
0.05,LORD.dep,0.006632132082171404,50,1,0.21782563666889598,1
0.060000000000000005,Bonferroni,0.020475614623802124,50,1,0.2673985649933137,0
0.060000000000000005,LORD,0.014488221171157873,50,1,0.2239382340648014,0
0.060000000000000005,ADDIS,0.021177840944724136,50,1,0.22625428636541844,0
0.060000000000000005,LORD2.plus,0.01894115433107151,50,1,0.23607374159407404,0
0.060000000000000005,SAFFRON,0.043242727263008464,50,1,0.21327582196449202,0
0.060000000000000005,LOND,0.02614792435031311,50,1,0.2761018149201267,0
0.060000000000000005,LOND.dep,0.008594345896083173,50,1,0.22736907096920922,1
0.060000000000000005,LORD.dep,0.006079112957985891,50,1,0.21686323504619595,1
0.06999999999999999,Bonferroni,0.018823703884307985,50,1,0.26775078081757864,0
0.06999999999999999,LORD,0.013608199506488953,50,1,0.22473484479296338,0
0.06999999999999999,ADDIS,0.0202142060884941,50,1,0.22919628048969834,0
0.06999999999999999,LORD2.plus,0.018482496081909876,50,1,0.23907305624412845,0
0.06999999999999999,SAFFRON,0.04292313385931613,50,1,0.21580040891674013,0
0.06999999999999999,LOND,0.02514661107689234,50,1,0.2781665063387501,0
0.06999999999999999,LOND.dep,0.008442685346909165,50,1,0.22933841614045308,1
0.06999999999999999,LORD.dep,0.005901566396291224,50,1,0.21772678239531096,1
0.08,Bonferroni,0.018089806993645863,50,1,0.2675083961878239,0
0.08,LORD,0.013499325163877567,50,1,0.2253193946941852,0
0.08,ADDIS,0.020675397331154467,50,1,0.23405902001722514,0
0.08,LORD2.plus,0.018926876182936602,50,1,0.24143620386003306,0
0.08,SAFFRON,0.043443152739408485,50,1,0.21851251704690264,0
0.08,LOND,0.025076746215987832,50,1,0.2795099711452808,0
0.08,LOND.dep,0.008213116101205035,50,1,0.22976556010931865,1
0.08,LORD.dep,0.005690913723531371,50,1,0.21760279691329928,1
0.09,Bonferroni,0.016787085024044582,50,1,0.2675134238106528,0
0.09,LORD,0.012930974079234183,50,1,0.22613357336824563,0
0.09,ADDIS,0.021386056144953185,50,1,0.2359792105785291,0
0.09,LORD2.plus,0.01898644248280433,50,1,0.2442140562349555,0
0.09,SAFFRON,0.043599178675117575,50,1,0.22221713903426932,0
0.09,LOND,0.024289499185932328,50,1,0.28128726440296986,0
0.09,LOND.dep,0.007796937304144065,50,1,0.23099591542173864,1
0.09,LORD.dep,0.005462084272460173,50,1,0.21786655511344766,1
0.1,Bonferroni,0.015906306082063226,50,1,0.2681474266711123,0
0.1,LORD,0.012564590126600715,50,1,0.22791795582035726,0
0.1,ADDIS,0.02102033137333572,50,1,0.23868634989995482,0
0.1,LORD2.plus,0.018991959476470782,50,1,0.24763350779611237,0
0.1,SAFFRON,0.04350143508784519,50,1,0.22560786046195166,0
0.1,LOND,0.023800198177134343,50,1,0.28355879510342663,0
0.1,LOND.dep,0.0075875405835004696,50,1,0.23300077028843455,1
0.1,LORD.dep,0.005153623164715644,50,1,0.21915750508236023,1
0.15000000000000002,Bonferroni,0.011865425630655893,50,1,0.26807715514352165,0
0.15000000000000002,LORD,0.012101598789858548,50,1,0.2346176633000417,0
0.15000000000000002,ADDIS,0.021313435700255068,50,1,0.2543335402176525,0
0.15000000000000002,LORD2.plus,0.019921650817534546,50,1,0.26145341060380933,0
0.15000000000000002,SAFFRON,0.0440570573882407,50,1,0.2418304431468499,0
0.15000000000000002,LOND,0.02164577594641251,50,1,0.29150553440020727,0
0.15000000000000002,LOND.dep,0.006683834856985793,50,1,0.2384497865018329,1
0.15000000000000002,LORD.dep,0.00431372436020703,50,1,0.22128911174221946,1
0.2,Bonferroni,0.008884810687926093,50,1,0.2674059206066586,0
0.2,LORD,0.011535779709857013,50,1,0.24189354640274002,0
0.2,ADDIS,0.021437595781847927,50,1,0.2679880080918506,0
0.2,LORD2.plus,0.01976652522148062,50,1,0.27345863764582407,0
0.2,SAFFRON,0.043877965315571366,50,1,0.2587184495066406,0
0.2,LOND,0.01935919441150276,50,1,0.29784598143324337,0
0.2,LOND.dep,0.005920703395786041,50,1,0.24284172216824138,1
0.2,LORD.dep,0.0037850277844976373,50,1,0.22388969337294368,1
0.25,Bonferroni,0.007137640709334413,50,1,0.267193000919093,0
0.25,LORD,0.0111960843279879,50,1,0.2506039370710696,0
0.25,ADDIS,0.022119524628228377,50,1,0.2831953058170802,0
0.25,LORD2.plus,0.019735107150310998,50,1,0.28568291100709453,0
0.25,SAFFRON,0.0433992434838093,50,1,0.27458458902484467,0
0.25,LOND,0.017914761126103063,50,1,0.30449712458621575,0
0.25,LOND.dep,0.005374788694907234,50,1,0.2473021954182672,1
0.25,LORD.dep,0.003472651417045174,50,1,0.22736341947561206,1
0.30000000000000004,Bonferroni,0.005911849037700561,50,1,0.2674066942257335,0
0.30000000000000004,LORD,0.011039672411175625,50,1,0.25946338368112054,0
0.30000000000000004,ADDIS,0.022561248261472246,50,1,0.2958278287570036,0
0.30000000000000004,LORD2.plus,0.019566544707098177,50,1,0.29755912495702846,0
0.30000000000000004,SAFFRON,0.042430578347745995,50,1,0.2913726044583797,0
0.30000000000000004,LOND,0.01661304450124923,50,1,0.31090526447223366,0
0.30000000000000004,LOND.dep,0.004867471702962382,50,1,0.2516034361749793,1
0.30000000000000004,LORD.dep,0.0032168536237194316,50,1,0.2309791075072281,1
0.35,Bonferroni,0.0048601919859541,50,1,0.26812662526664516,0
0.35,LORD,0.010884841551121129,50,1,0.2687586756284893,0
0.35,ADDIS,0.021423286363706308,50,1,0.3085655804201086,0
0.35,LORD2.plus,0.019189146989714436,50,1,0.308944902237957,0
0.35,SAFFRON,0.04106155799548206,50,1,0.30660707085850064,0
0.35,LOND,0.015439898551194745,50,1,0.3173369688055708,0
0.35,LOND.dep,0.004512520034789876,50,1,0.2563973526733351,1
0.35,LORD.dep,0.0030039269871265264,50,1,0.2354346645986294,1
0.4,Bonferroni,0.003998026461434163,50,1,0.26773263688239657,0
0.4,LORD,0.010416020823815788,50,1,0.2766089761339855,0
0.4,ADDIS,0.020752144181684782,50,1,0.31967158450452227,0
0.4,LORD2.plus,0.018466531142036755,50,1,0.31855543914921264,0
0.4,SAFFRON,0.039607984067027875,50,1,0.32160319047039293,0
0.4,LOND,0.014266800781963872,50,1,0.3220341980867041,0
0.4,LOND.dep,0.00408902952620451,50,1,0.25983376980796175,1
0.4,LORD.dep,0.0027448229504107415,50,1,0.2388515614037607,1
0.45000000000000007,Bonferroni,0.0032933141571368538,50,1,0.2677846084368098,0
0.45000000000000007,LORD,0.009806140770182981,50,1,0.2843068797877469,0
0.45000000000000007,ADDIS,0.019890296681238148,50,1,0.3299870261866686,0
0.45000000000000007,LORD2.plus,0.017016792706064335,50,1,0.32766951405677763,0
0.45000000000000007,SAFFRON,0.03731242601346995,50,1,0.335427308022371,0
0.45000000000000007,LOND,0.01283511620166404,50,1,0.32700033836595616,0
0.45000000000000007,LOND.dep,0.0035993722051732677,50,1,0.2634673600588014,1
0.45000000000000007,LORD.dep,0.0024955083515093876,50,1,0.2423294012357681,1
0.5,Bonferroni,0.002706538116699449,50,1,0.2676493882166818,0
0.5,LORD,0.00923499804570267,50,1,0.29143093351188154,0
0.5,ADDIS,0.018916240223884814,50,1,0.3404206230074198,0
0.5,LORD2.plus,0.01602491169196726,50,1,0.33615735247215645,0
0.5,SAFFRON,0.03452354369962543,50,1,0.34915377703111533,0
0.5,LOND,0.01163428099552416,50,1,0.33175259842100485,0
0.5,LOND.dep,0.003244788910033857,50,1,0.2666754527064888,1
0.5,LORD.dep,0.002275428387989769,50,1,0.24569202855478983,1
0.55,Bonferroni,0.0022713401746886097,50,1,0.26769430836773067,0
0.55,LORD,0.008588370863183176,50,1,0.29831132986389414,0
0.55,ADDIS,0.017660218206004632,50,1,0.3509673615747755,0
0.55,LORD2.plus,0.014855909534059379,50,1,0.3442673556851282,0
0.55,SAFFRON,0.03189428262320094,50,1,0.36256459594015295,0
0.55,LOND,0.010669812723726831,50,1,0.33610037840025,0
0.55,LOND.dep,0.0029435737711831973,50,1,0.26998850641120475,1
0.55,LORD.dep,0.0020980536656460946,50,1,0.24911167535822845,1
0.6,Bonferroni,0.0018699916568527418,50,1,0.2677770620344927,0
0.6,LORD,0.007718516377871875,50,1,0.3049169038745325,0
0.6,ADDIS,0.01620900222881017,50,1,0.3605517647668418,0
0.6,LORD2.plus,0.013275940263248966,50,1,0.35178435082846704,0
0.6,SAFFRON,0.029765174991383883,50,1,0.3756412364998378,0
0.6,LOND,0.009419792050488911,50,1,0.3404047944179521,0
0.6,LOND.dep,0.0026180617766931673,50,1,0.27291554756150505,1
0.6,LORD.dep,0.001894132713110439,50,1,0.25220964267217477,1
0.65,Bonferroni,0.0015252676637615796,50,1,0.2677899799628349,0
0.65,LORD,0.006770602118998722,50,1,0.3110907417753378,0
0.65,ADDIS,0.01472902197136466,50,1,0.3686669404367193,0
0.65,LORD2.plus,0.01166787780179047,50,1,0.35881958447062373,0
0.65,SAFFRON,0.026648098271449597,50,1,0.3880604824388219,0
0.65,LOND,0.008207242429526525,50,1,0.3443860001034496,0
0.65,LOND.dep,0.0022319139226789396,50,1,0.2758579857938288,1
0.65,LORD.dep,0.0016409886792714266,50,1,0.2552259384139661,1
0.7000000000000001,Bonferroni,0.0012634870815713185,50,1,0.26775289308383454,0
0.7000000000000001,LORD,0.006079248129361499,50,1,0.31688026549992143,0
0.7000000000000001,ADDIS,0.01309985773954078,50,1,0.37681680448164306,0
0.7000000000000001,LORD2.plus,0.010365530519404673,50,1,0.36553604218604413,0
0.7000000000000001,SAFFRON,0.02353565927718521,50,1,0.40056604466730367,0
0.7000000000000001,LOND,0.007091343752800739,50,1,0.3484100238632242,0
0.7000000000000001,LOND.dep,0.001967139370482521,50,1,0.27869592664364273,1
0.7000000000000001,LORD.dep,0.0014554554146942057,50,1,0.25814333367580766,1
0.75,Bonferroni,9.469128225144159e-4,50,1,0.2674636313970541,0
0.75,LORD,0.004985233016557605,50,1,0.32222076478825745,0
0.75,ADDIS,0.011253982432747863,50,1,0.38582825798979875,0
0.75,LORD2.plus,0.008575217998716838,50,1,0.3713995469280795,0
0.75,SAFFRON,0.02022429771751918,50,1,0.4126129796916688,0
0.75,LOND,0.005840331922829816,50,1,0.35161330829390175,0
0.75,LOND.dep,0.0015693942553036935,50,1,0.28107426894750887,1
0.75,LORD.dep,0.0011719603766722955,50,1,0.26074152751495755,1
0.8,Bonferroni,7.130283261000601e-4,50,1,0.2676598106555457,0
0.8,LORD,0.004158299901824647,50,1,0.3278348563412587,0
0.8,ADDIS,0.009269296116453229,50,1,0.3935057869450515,0
0.8,LORD2.plus,0.007026883021657972,50,1,0.3778878937011572,0
0.8,SAFFRON,0.016548087719954946,50,1,0.4244885959405099,0
0.8,LOND,0.004782625799279141,50,1,0.35544558626022027,0
0.8,LOND.dep,0.0012845085565256834,50,1,0.2839090626899165,1
0.8,LORD.dep,9.543443966545549e-4,50,1,0.2636199698839148,1
0.85,Bonferroni,4.989967953100155e-4,50,1,0.2677903521141581,0
0.85,LORD,0.0031576220367717884,50,1,0.3331346957219284,0
0.85,ADDIS,0.007240540403350183,50,1,0.4014936769340653,0
0.85,LORD2.plus,0.005291633762516625,50,1,0.3837356715356737,0
0.85,SAFFRON,0.012835217966353027,50,1,0.43690726919064415,0
0.85,LOND,0.0035495541398064072,50,1,0.35895018235698456,0
0.85,LOND.dep,9.288769542728101e-4,50,1,0.2864577569854955,1
0.85,LORD.dep,6.998128523481613e-4,50,1,0.2663219259510555,1
0.9,Bonferroni,3.5012991956619144e-4,50,1,0.26777191459582644,0
0.9,LORD,0.002136203067487073,50,1,0.33805365641700047,0
0.9,ADDIS,0.005172862580222261,50,1,0.40940317854336084,0
0.9,LORD2.plus,0.003594895362587841,50,1,0.3892173613609799,0
0.9,SAFFRON,0.008942307794740775,50,1,0.44918974245807697,0
0.9,LOND,0.0023829606692212764,50,1,0.3621947352340513,0
0.9,LOND.dep,6.590277842477771e-4,50,1,0.2888511015730263,1
0.9,LORD.dep,5.061007993913012e-4,50,1,0.2688199848835791,1
0.9500000000000001,Bonferroni,1.5074493700180283e-4,50,1,0.26775624878238036,0
0.9500000000000001,LORD,0.0010834938673740752,50,1,0.34261839231933205,0
0.9500000000000001,ADDIS,0.0026283664467628655,50,1,0.41662459066202323,0
0.9500000000000001,LORD2.plus,0.001794684242421037,50,1,0.3943057879231051,0
0.9500000000000001,SAFFRON,0.004687812900863293,50,1,0.46199003722407667,0
0.9500000000000001,LOND,0.001184940734218787,50,1,0.3651551348450092,0
0.9500000000000001,LOND.dep,3.0870392610879454e-4,50,1,0.29118695390974353,1
0.9500000000000001,LORD.dep,2.3590198293695183e-4,50,1,0.2712851814344131,1
1,Bonferroni,0,50,1,0.2676681,0
1,LORD,0,50,1,0.34714390000000006,0
1,ADDIS,0,50,1,0.42434520000000003,0
1,LORD2.plus,0,50,1,0.3991612000000001,0
1,SAFFRON,0,50,1,0.4748075,0
1,LOND,0,50,1,0.36818390000000006,0
1,LOND.dep,0,50,1,0.2931714,1
1,LORD.dep,0,50,1,0.2734344,1
0.01,Bonferroni,0.006659535714285714,50,0,0.19227672653274902,0
0.01,LORD,0.003582752433024492,50,0,0.17420481124030027,0
0.01,ADDIS,0.01973104151495829,50,0,0.2107729028557934,0
0.01,LORD2.plus,0.0036345749066754502,50,0,0.17463438626710912,0
0.01,SAFFRON,0.04338708210845444,50,0,0.19999832510541368,0
0.01,LOND,0.00671172644022644,50,0,0.19311054538085468,0
0.01,LOND.dep,0.004109166666666666,50,0,NA,1
0.01,LORD.dep,0.030273285714285714,50,0,0.1506949194045478,1
0.02,Bonferroni,0.006489619047619048,50,0,0.19197185625080182,0
0.02,LORD,0.0035502609070803925,50,0,0.17499218705714226,0
0.02,ADDIS,0.019169427038558628,50,0,0.214269154861036,0
0.02,LORD2.plus,0.0036786772496250663,50,0,0.17572268789102008,0
0.02,SAFFRON,0.043953446277860096,50,0,0.20216850466062758,0
0.02,LOND,0.0066591525273745865,50,0,0.19330205172727571,0
0.02,LOND.dep,0.004009683270676692,50,0,NA,1
0.02,LORD.dep,0.029210567765567765,50,0,0.14734289085598526,1
0.03,Bonferroni,0.005633952380952381,50,0,0.1911546452637355,0
0.03,LORD,0.0034223690950360842,50,0,0.17513599922851125,0
0.03,ADDIS,0.01987032774626189,50,0,0.21730165535114282,0
0.03,LORD2.plus,0.003595463687858478,50,0,0.17628372563353495,0
0.03,SAFFRON,0.042652042847090635,50,0,0.20417107222951364,0
0.03,LOND,0.0058490186688311685,50,0,0.19308399076687788,0
0.03,LOND.dep,0.003645306166056166,50,0,NA,1
0.03,LORD.dep,0.02821799603174603,50,0,0.14418034289673134,1
0.04,Bonferroni,0.0056954022366522365,50,0,0.19376651690338748,0
0.04,LORD,0.0034978690902990744,50,0,0.178234798704972,0
0.04,ADDIS,0.019160535586442033,50,0,0.21918685730756715,0
0.04,LORD2.plus,0.003679208519206971,50,0,0.1797421489363713,0
0.04,SAFFRON,0.04290970893869793,50,0,0.2074563672148213,0
0.04,LOND,0.005972941908539398,50,0,0.19638774700175893,0
0.04,LOND.dep,0.0037022086385836385,50,0,NA,1
0.04,LORD.dep,0.027644281385281386,50,0,0.1429943784457827,1
0.05,Bonferroni,0.005224869047619048,50,0,0.19281832162590265,0
0.05,LORD,0.003420254066240232,50,0,0.17819153517806033,0
0.05,ADDIS,0.01959910559806775,50,0,0.22274472898273803,0
0.05,LORD2.plus,0.0036902929445502934,50,0,0.18018231010453306,0
0.05,SAFFRON,0.04257359250920903,50,0,0.21021574670715149,0
0.05,LOND,0.0056031845615684625,50,0,0.19626675915930167,0
0.05,LOND.dep,0.0034360535714285712,50,0,NA,1
0.05,LORD.dep,0.026639781746031745,50,0,0.13866388520292816,1
0.060000000000000005,Bonferroni,0.005076027236652236,50,0,0.19204004912852843,0
0.060000000000000005,LORD,0.003387220821829538,50,0,0.17795151314564595,0
0.060000000000000005,ADDIS,0.020065498375538206,50,0,0.2234400642084002,0
0.060000000000000005,LORD2.plus,0.003651186642207346,50,0,0.18032062587230557,0
0.060000000000000005,SAFFRON,0.042872463537132866,50,0,0.21281735043946062,0
0.060000000000000005,LOND,0.005441503627908039,50,0,0.19631416262768198,0
0.060000000000000005,LOND.dep,0.0033653226495726496,50,0,NA,1
0.060000000000000005,LORD.dep,0.025979900793650795,50,0,0.13448092651173948,1
0.06999999999999999,Bonferroni,0.004542535714285714,50,0,0.1923828739893066,0
0.06999999999999999,LORD,0.0033199843649436562,50,0,0.17953405904095002,0
0.06999999999999999,ADDIS,0.019003299342828475,50,0,0.22646558456434251,0
0.06999999999999999,LORD2.plus,0.003640882012076499,50,0,0.18247119971151585,0
0.06999999999999999,SAFFRON,0.04255867121465426,50,0,0.21538604367871908,0
0.06999999999999999,LOND,0.00491314137019671,50,0,0.1974644072019741,0
0.06999999999999999,LOND.dep,0.0029686093073593074,50,0,NA,1
0.06999999999999999,LORD.dep,0.024367606684981686,50,0,0.13032687762752201,1
0.08,Bonferroni,0.004353422619047619,50,0,0.19213407433220964,0
0.08,LORD,0.003209232344040257,50,0,0.1802598643729322,0
0.08,ADDIS,0.0195604891685526,50,0,0.23125319890635027,0
0.08,LORD2.plus,0.003529143245064264,50,0,0.1836295525846423,0
0.08,SAFFRON,0.04307306640397318,50,0,0.21803461689312872,0
0.08,LOND,0.004793310975135975,50,0,0.1980598119407875,0
0.08,LOND.dep,0.002842408189033189,50,0,NA,1
0.08,LORD.dep,0.02402724007936508,50,0,0.12766110609297895,1
0.09,Bonferroni,0.003978628968253968,50,0,0.19193405598170624,0
0.09,LORD,0.003093047844389912,50,0,0.18119974405525463,0
0.09,ADDIS,0.02027351444841774,50,0,0.23323095728938736,0
0.09,LORD2.plus,0.003456996152860598,50,0,0.18497249816390887,0
0.09,SAFFRON,0.04322456464282979,50,0,0.22174370256977868,0
0.09,LOND,0.004524623636540356,50,0,0.1986251101725208,0
0.09,LOND.dep,0.0025602983405483407,50,0,NA,1
0.09,LORD.dep,0.022360051587301588,50,0,0.12407491644430191,1
0.1,Bonferroni,0.0038847505411255413,50,0,0.19295056081633524,0
0.1,LORD,0.003104524596175377,50,0,0.18316190151438216,0
0.1,ADDIS,0.019834672631766945,50,0,0.23561890710230812,0
0.1,LORD2.plus,0.003468211413561805,50,0,0.1873145435207924,0
0.1,SAFFRON,0.043099154197782666,50,0,0.2250893117036566,0
0.1,LOND,0.004362436513349052,50,0,0.20060013718283418,0
0.1,LOND.dep,0.0026751863014436543,50,0,NA,1
0.1,LORD.dep,0.022126856782106782,50,0,0.12129182758364429,1
0.15000000000000002,Bonferroni,0.0029204206349206347,50,0,0.19269319580712807,0
0.15000000000000002,LORD,0.0030917698202842557,50,0,0.18896635757514532,0
0.15000000000000002,ADDIS,0.02005079080404543,50,0,0.2511741780540098,0
0.15000000000000002,LORD2.plus,0.003528056362725928,50,0,0.19500961810528902,0
0.15000000000000002,SAFFRON,0.043625381998028734,50,0,0.2413067094394088,0
0.15000000000000002,LOND,0.0035573851560161546,50,0,0.20424473526089518,0
0.15000000000000002,LOND.dep,0.0019360215249726118,50,0,NA,1
0.15000000000000002,LORD.dep,0.01868446425388337,50,0,0.10739337467821551,1
0.2,Bonferroni,0.0022469085799821094,50,0,0.19233963208839275,0
0.2,LORD,0.0032312754288973096,50,0,0.19507256685061516,0
0.2,ADDIS,0.020093549411056864,50,0,0.2644818457951689,0
0.2,LORD2.plus,0.0035316474335724637,50,0,0.2021164944324423,0
0.2,SAFFRON,0.043479459301101094,50,0,0.258079595730841,0
0.2,LOND,0.0029889448908619596,50,0,0.20764924417134423,0
0.2,LOND.dep,0.0016215740925740925,50,0,NA,1
0.2,LORD.dep,0.016435062284937286,50,0,0.09688301055247589,1
0.25,Bonferroni,0.0017239821706071705,50,0,0.19202594093414885,0
0.25,LORD,0.003256726409326407,50,0,0.20156935234262108,0
0.25,ADDIS,0.020724657414181443,50,0,0.2792198884497972,0
0.25,LORD2.plus,0.0034741003220023353,50,0,0.2095120739823482,0
0.25,SAFFRON,0.04295152466109132,50,0,0.2739211184256348,0
0.25,LOND,0.0025678397004726726,50,0,0.21096440097396882,0
0.25,LOND.dep,0.001317820131601285,50,0,NA,1
0.25,LORD.dep,0.01353312887765829,50,0,0.08926059027071558,1
0.30000000000000004,Bonferroni,0.001551556734931735,50,0,0.19194454146573744,0
0.30000000000000004,LORD,0.0034447519251715325,50,0,0.20809527371077036,0
0.30000000000000004,ADDIS,0.02119750420950421,50,0,0.2916864030370147,0
0.30000000000000004,LORD2.plus,0.0035198691777069586,50,0,0.21646616097775678,0
0.30000000000000004,SAFFRON,0.04200308496879814,50,0,0.29062521731576,0
0.30000000000000004,LOND,0.0023305609080676807,50,0,0.21429767306586975,0
0.30000000000000004,LOND.dep,0.0012540255594079123,50,0,NA,1
0.30000000000000004,LORD.dep,0.012091241008991008,50,0,0.08395376274936414,1
0.35,Bonferroni,0.0011570505189255188,50,0,0.19266731375691695,0
0.35,LORD,0.003530433800032665,50,0,0.215402203165071,0
0.35,ADDIS,0.020073309527513832,50,0,0.30425329915408106,0
0.35,LORD2.plus,0.003452237781777715,50,0,0.22384497752909016,0
0.35,SAFFRON,0.04066715348162892,50,0,0.3058300389520909,0
0.35,LOND,0.0019651846106436897,50,0,0.21802733379729258,0
0.35,LOND.dep,9.744307322579381e-4,50,0,NA,1
0.35,LORD.dep,0.010484894105894106,50,0,0.08073986533232946,1
0.4,Bonferroni,9.312645479520479e-4,50,0,0.1925623800969618,0
0.4,LORD,0.003426258280955863,50,0,0.2218120371704396,0
0.4,ADDIS,0.019447236709673837,50,0,0.31515159682622645,0
0.4,LORD2.plus,0.0032287477470328016,50,0,0.22991309156317094,0
0.4,SAFFRON,0.039252844168312914,50,0,0.32075631249656716,0
0.4,LOND,0.0016741015779885749,50,0,0.2208254133106374,0
0.4,LOND.dep,8.037794182941242e-4,50,0,NA,1
0.4,LORD.dep,0.009267053151505358,50,0,0.07846001554910163,1
0.45000000000000007,Bonferroni,7.588092671217671e-4,50,0,0.192669549340426,0
0.45000000000000007,LORD,0.003333813287773515,50,0,0.22822338013723323,0
0.45000000000000007,ADDIS,0.018598751454143983,50,0,0.3252777196334685,0
0.45000000000000007,LORD2.plus,0.003005201710379688,50,0,0.23590520843515392,0
0.45000000000000007,SAFFRON,0.036927742964306925,50,0,0.3345911759549701,0
0.45000000000000007,LOND,0.0015118042254013617,50,0,0.2235239685460469,0
0.45000000000000007,LOND.dep,6.705520655992203e-4,50,0,NA,1
0.45000000000000007,LORD.dep,0.007766368500780265,50,0,0.07740998716089624,1
0.5,Bonferroni,6.535930666555666e-4,50,0,0.1925992297938002,0
0.5,LORD,0.003243606620595068,50,0,0.23432409513133798,0
0.5,ADDIS,0.01765625848051443,50,0,0.33549237459063497,0
0.5,LORD2.plus,0.002797689286715355,50,0,0.24137883937573398,0
0.5,SAFFRON,0.03420393131433075,50,0,0.3482242276787024,0
0.5,LOND,0.0013408755980777198,50,0,0.2260489716419505,0
0.5,LOND.dep,6.076063314265713e-4,50,0,NA,1
0.5,LORD.dep,0.006756619703222324,50,0,0.0772325226015215,1
0.55,Bonferroni,5.350971981449923e-4,50,0,0.1925493763674736,0
0.55,LORD,0.0031843008082468173,50,0,0.2405410301863937,0
0.55,ADDIS,0.016524932636965167,50,0,0.34585391596748477,0
0.55,LORD2.plus,0.0026310082935621705,50,0,0.24679683967734464,0
0.55,SAFFRON,0.03156432211104964,50,0,0.3616174443421133,0
0.55,LOND,0.0011947940541119216,50,0,0.22874524685388328,0
0.55,LOND.dep,5.114564633852559e-4,50,0,NA,1
0.55,LORD.dep,0.005882087654992067,50,0,0.07767798985022001,1
0.6,Bonferroni,4.453468533100886e-4,50,0,0.1925552633206172,0
0.6,LORD,0.002971639286179032,50,0,0.24642812502863218,0
0.6,ADDIS,0.015118742836785043,50,0,0.3552826445354672,0
0.6,LORD2.plus,0.002388234393347382,50,0,0.2517520313777433,0
0.6,SAFFRON,0.029470408687731774,50,0,0.37466068375412753,0
0.6,LOND,0.0010667865253726322,50,0,0.23099656658625656,0
0.6,LOND.dep,4.4515077107704814e-4,50,0,NA,1
0.6,LORD.dep,0.004867151656758275,50,0,0.0782418126429523,1
0.65,Bonferroni,3.367266001971884e-4,50,0,0.19268645812487045,0
0.65,LORD,0.002721962233144781,50,0,0.2522166098087262,0
0.65,ADDIS,0.013723560796572144,50,0,0.36331654568037597,0
0.65,LORD2.plus,0.002101482447926521,50,0,0.2566117613363544,0
0.65,SAFFRON,0.026357535542407818,50,0,0.38705057485756916,0
0.65,LOND,8.750419942453039e-4,50,0,0.2333039362480797,0
0.65,LOND.dep,3.5336659741841295e-4,50,0,NA,1
0.65,LORD.dep,0.004104539071695419,50,0,0.07996250273101826,1
0.7000000000000001,Bonferroni,2.9073981329035003e-4,50,0,0.19262053239222196,0
0.7000000000000001,LORD,0.0024801313654214657,50,0,0.2577736608484295,0
0.7000000000000001,ADDIS,0.01224596101467918,50,0,0.3713292797773442,0
0.7000000000000001,LORD2.plus,0.0018171525993717762,50,0,0.2609225339038525,0
0.7000000000000001,SAFFRON,0.023276710955938883,50,0,0.3995039609469459,0
0.7000000000000001,LOND,7.553077974153129e-4,50,0,0.23543782733481572,0
0.7000000000000001,LOND.dep,3.116783505670755e-4,50,0,NA,1
0.7000000000000001,LORD.dep,0.0033230311546534035,50,0,0.08153048780315887,1
0.75,Bonferroni,2.1894046903818575e-4,50,0,0.19248660567185655,0
0.75,LORD,0.0020891640271051438,50,0,0.26290221820356846,0
0.75,ADDIS,0.010471840168894728,50,0,0.3802170590963601,0
0.75,LORD2.plus,0.0014885709037162063,50,0,0.26485255609661856,0
0.75,SAFFRON,0.01999630793692975,50,0,0.4115449838812219,0
0.75,LOND,5.871141765324904e-4,50,0,0.23728396733656956,0
0.75,LOND.dep,2.4662289736519447e-4,50,0,NA,1
0.75,LORD.dep,0.0026833038424059676,50,0,0.08374564356753392,1
0.8,Bonferroni,1.614871725422018e-4,50,0,0.1926121035770982,0
0.8,LORD,0.0017783105090487818,50,0,0.26847643896364,0
0.8,ADDIS,0.008615969332210212,50,0,0.3877459582906034,0
0.8,LORD2.plus,0.0012397902581212862,50,0,0.26915454196566224,0
0.8,SAFFRON,0.01636285434720331,50,0,0.42334461423953246,0
0.8,LOND,4.552403702280203e-4,50,0,0.239566619981434,0
0.8,LOND.dep,1.8118990943285934e-4,50,0,NA,1
0.8,LORD.dep,0.002212683947244706,50,0,0.08626125166278768,1
0.85,Bonferroni,1.2269180694606392e-4,50,0,0.19260822497047886,0
0.85,LORD,0.0013847650567368173,50,0,0.2737598282453132,0
0.85,ADDIS,0.006746308997023679,50,0,0.3955798015195226,0
0.85,LORD2.plus,9.376590922226626e-4,50,0,0.2731453923694434,0
0.85,SAFFRON,0.012681531212833825,50,0,0.435739495720875,0
0.85,LOND,3.3883155870258295e-4,50,0,0.24146307525869368,0
0.85,LOND.dep,1.4125157477130488e-4,50,0,NA,1
0.85,LORD.dep,0.0014939896927902716,50,0,0.08934199474057547,1
0.9,Bonferroni,7.399179475495265e-5,50,0,0.1925853706290879,0
0.9,LORD,9.761800750526806e-4,50,0,0.27872508680580255,0
0.9,ADDIS,0.004820273443103576,50,0,0.40341894083590485,0
0.9,LORD2.plus,6.429187213906517e-4,50,0,0.27678853320378577,0
0.9,SAFFRON,0.008848078838533361,50,0,0.4479839359850851,0
0.9,LOND,2.4818554514234115e-4,50,0,0.24339125599538988,0
0.9,LOND.dep,9.404476358663497e-5,50,0,NA,1
0.9,LORD.dep,9.483248941747394e-4,50,0,0.09181268375915703,1
0.9500000000000001,Bonferroni,3.752887257221623e-5,50,0,0.19276325685993959,0
0.9500000000000001,LORD,5.04225488969062e-4,50,0,0.2837462124336959,0
0.9500000000000001,ADDIS,0.0024758288677074907,50,0,0.410448475210778,0
0.9500000000000001,LORD2.plus,3.193633796370579e-4,50,0,0.28033480957887846,0
0.9500000000000001,SAFFRON,0.004633763671612977,50,0,0.46075772405175436,0
0.9500000000000001,LOND,1.1211767451382183e-4,50,0,0.24529667520710716,0
0.9500000000000001,LOND.dep,4.169853211915737e-5,50,0,NA,1
0.9500000000000001,LORD.dep,4.5184460159007373e-4,50,0,0.09485245698152985,1
1,Bonferroni,0,50,0,0.19239369999999997,0
1,LORD,0,50,0,0.28838460000000005,0
1,ADDIS,0,50,0,0.41794520000000007,0
1,LORD2.plus,0,50,0,0.28351170000000003,0
1,SAFFRON,0,50,0,0.47352629999999996,0
1,LOND,0,50,0,0.2468062,0
1,LOND.dep,0,50,0,NA,1
1,LORD.dep,0,50,0,0.09784089999999986,1
0.01,Bonferroni,0.025026245436151395,100,1,0.27763858490877596,0
0.01,LORD,0.016333845767533033,100,1,0.23329527952660165,0
0.01,ADDIS,0.021946249757979132,100,1,0.2204316614290595,0
0.01,LORD2.plus,0.01823422562424842,100,1,0.2375948718179662,0
0.01,SAFFRON,0.04618603202199659,100,1,0.20146480192165392,0
0.01,LOND,0.027335081549671517,100,1,0.2805016272318145,0
0.01,LOND.dep,0.007669419553166672,100,1,0.23189115410365646,1
0.01,LORD.dep,0.006135031746031746,100,1,0.22601431783860382,1
0.02,Bonferroni,0.022027372761165565,100,1,0.27543713625251875,0
0.02,LORD,0.014638758762976866,100,1,0.23226541529496514,0
0.02,ADDIS,0.02197769743314052,100,1,0.22472352131542428,0
0.02,LORD2.plus,0.018022782077199158,100,1,0.2407990928504944,0
0.02,SAFFRON,0.04573940192597387,100,1,0.20687853198730918,0
0.02,LOND,0.026014110280339644,100,1,0.28062419086048607,0
0.02,LOND.dep,0.007446999873129314,100,1,0.23271083015887628,1
0.02,LORD.dep,0.005656890147863832,100,1,0.22533183395945755,1
0.03,Bonferroni,0.01943281614455376,100,1,0.27691782388752084,0
0.03,LORD,0.014032732815062019,100,1,0.23406754391602877,0
0.03,ADDIS,0.022353476161941617,100,1,0.22977872836554566,0
0.03,LORD2.plus,0.01852914948576813,100,1,0.24652476129748857,0
0.03,SAFFRON,0.04670137520000637,100,1,0.21364329220520337,0
0.03,LOND,0.02496675957149049,100,1,0.28503885019036534,0
0.03,LOND.dep,0.006918186668247624,100,1,0.23581406119284906,1
0.03,LORD.dep,0.005165150439107676,100,1,0.22688538521871857,1
0.04,Bonferroni,0.01696287877697658,100,1,0.276415114763859,0
0.04,LORD,0.013270948277165224,100,1,0.23395292263048373,0
0.04,ADDIS,0.023491020393017432,100,1,0.23812550282189052,0
0.04,LORD2.plus,0.019007160308200297,100,1,0.250274669270519,0
0.04,SAFFRON,0.0482229304703639,100,1,0.21636298890438518,0
0.04,LOND,0.023758120899355264,100,1,0.28769759558462293,0
0.04,LOND.dep,0.0068796404170886226,100,1,0.23631481054731687,1
0.04,LORD.dep,0.004812790753896572,100,1,0.22607073899987934,1
0.05,Bonferroni,0.0153626284197847,100,1,0.2751951223654673,0
0.05,LORD,0.013107051669591073,100,1,0.2349275718127326,0
0.05,ADDIS,0.023769167915931505,100,1,0.24091271164198444,0
0.05,LORD2.plus,0.02009973585963787,100,1,0.25404204532452035,0
0.05,SAFFRON,0.048851899373327484,100,1,0.2228835461561747,0
0.05,LOND,0.023165057211585665,100,1,0.289470617578307,0
0.05,LOND.dep,0.006892468285414425,100,1,0.23758120446027448,1
0.05,LORD.dep,0.004733729309988039,100,1,0.2255742319680154,1
0.060000000000000005,Bonferroni,0.013861189819096165,100,1,0.2760037884077129,0
0.060000000000000005,LORD,0.012975238046396506,100,1,0.23843697869178918,0
0.060000000000000005,ADDIS,0.024203313348043334,100,1,0.24890363920160052,0
0.060000000000000005,LORD2.plus,0.020309099579199876,100,1,0.2605280999563015,0
0.060000000000000005,SAFFRON,0.050932064885824906,100,1,0.22854369729744406,0
0.060000000000000005,LOND,0.022741506340492358,100,1,0.2932333562240436,0
0.060000000000000005,LOND.dep,0.006421933864382373,100,1,0.24103759290951396,1
0.060000000000000005,LORD.dep,0.004262028444760382,100,1,0.22800517613693244,1
0.06999999999999999,Bonferroni,0.01206629373213948,100,1,0.27565764794789244,0
0.06999999999999999,LORD,0.01227519862540507,100,1,0.24023974490298672,0
0.06999999999999999,ADDIS,0.024555308633307713,100,1,0.253893365092358,0
0.06999999999999999,LORD2.plus,0.020380806457717428,100,1,0.2649530045858252,0
0.06999999999999999,SAFFRON,0.050990052319813475,100,1,0.23553885775399172,0
0.06999999999999999,LOND,0.021274086239454253,100,1,0.2957108211654862,0
0.06999999999999999,LOND.dep,0.005819806735691508,100,1,0.24213871696145275,1
0.06999999999999999,LORD.dep,0.00389801662143899,100,1,0.22816912780635043,1
0.08,Bonferroni,0.01090219106620257,100,1,0.27595692930029897,0
0.08,LORD,0.012668810046980662,100,1,0.24333695044435913,0
0.08,ADDIS,0.026083974739215292,100,1,0.2588496744814089,0
0.08,LORD2.plus,0.021442939100429586,100,1,0.2703085807408113,0
0.08,SAFFRON,0.051927564169429355,100,1,0.24096328433582634,0
0.08,LOND,0.02064786512616299,100,1,0.2987754152754909,0
0.08,LOND.dep,0.005617525336982873,100,1,0.2443182856585496,1
0.08,LORD.dep,0.0036576081593799686,100,1,0.22938519154856724,1
0.09,Bonferroni,0.010210994195596896,100,1,0.27610352784218933,0
0.09,LORD,0.012957881062318335,100,1,0.24674535013906837,0
0.09,ADDIS,0.026464431893659122,100,1,0.26468895502820533,0
0.09,LORD2.plus,0.022128323992178272,100,1,0.2751208596122758,0
0.09,SAFFRON,0.05230341152800515,100,1,0.2454991583710071,0
0.09,LOND,0.020973059331328973,100,1,0.3016885374093937,0
0.09,LOND.dep,0.005640997543393041,100,1,0.24623782203064065,1
0.09,LORD.dep,0.0038778639600934605,100,1,0.23070425943594158,1
0.1,Bonferroni,0.009427051254301254,100,1,0.27555638371566504,0
0.1,LORD,0.012783883137217436,100,1,0.24954163080656766,0
0.1,ADDIS,0.026773742640847826,100,1,0.2709593022420988,0
0.1,LORD2.plus,0.0224233556915887,100,1,0.2792840767916845,0
0.1,SAFFRON,0.0526238813787835,100,1,0.2518048671817877,0
0.1,LOND,0.0205622764793596,100,1,0.3032656666215721,0
0.1,LOND.dep,0.005399717193305882,100,1,0.24778482110472458,1
0.1,LORD.dep,0.003447054327928205,100,1,0.23183413289311475,1
0.15000000000000002,Bonferroni,0.006541269892824694,100,1,0.2761812480685665,0
0.15000000000000002,LORD,0.013416880371692667,100,1,0.265923061955155,0
0.15000000000000002,ADDIS,0.028370436219835527,100,1,0.29577230260046405,0
0.15000000000000002,LORD2.plus,0.02386307677812366,100,1,0.3014723778133737,0
0.15000000000000002,SAFFRON,0.05465983828083343,100,1,0.2792174457294614,0
0.15000000000000002,LOND,0.01897032304347709,100,1,0.3155181097462221,0
0.15000000000000002,LOND.dep,0.004791094432765231,100,1,0.25620708447820617,1
0.15000000000000002,LORD.dep,0.003198995103224553,100,1,0.23857587186574616,1
0.2,Bonferroni,0.005014756721734051,100,1,0.2753098942380725,0
0.2,LORD,0.013726929822057235,100,1,0.28000200282254256,0
0.2,ADDIS,0.029430123750812043,100,1,0.31689457928591674,0
0.2,LORD2.plus,0.023911579311163896,100,1,0.31869794962498543,0
0.2,SAFFRON,0.05584826597342889,100,1,0.3029287789747442,0
0.2,LOND,0.017814798081575732,100,1,0.3240439182764799,0
0.2,LOND.dep,0.004508091077853584,100,1,0.26222850579272844,1
0.2,LORD.dep,0.0031705668685792204,100,1,0.24444081315635025,1
0.25,Bonferroni,0.0038570735045074323,100,1,0.2764013601526762,0
0.25,LORD,0.013660148849924388,100,1,0.29456598237559156,0
0.25,ADDIS,0.02885340886148721,100,1,0.3351806720200705,0
0.25,LORD2.plus,0.023811580616968035,100,1,0.3357255055939936,0
0.25,SAFFRON,0.055184306356857143,100,1,0.3252855403368122,0
0.25,LOND,0.01672106090040352,100,1,0.33380727865925075,0
0.25,LOND.dep,0.004071283761827078,100,1,0.2695644034771613,1
0.25,LORD.dep,0.0029095031900397577,100,1,0.2518001017330771,1
0.30000000000000004,Bonferroni,0.0029755832270612114,100,1,0.27579536497225576,0
0.30000000000000004,LORD,0.012896976844628226,100,1,0.3051034283428781,0
0.30000000000000004,ADDIS,0.028365465228911056,100,1,0.3508043598046911,0
0.30000000000000004,LORD2.plus,0.02267054475007206,100,1,0.3480818483518467,0
0.30000000000000004,SAFFRON,0.05334957048977627,100,1,0.34463759181773856,0
0.30000000000000004,LOND,0.015253143874574899,100,1,0.3402636577597306,0
0.30000000000000004,LOND.dep,0.003585856775084367,100,1,0.2742085465575998,1
0.30000000000000004,LORD.dep,0.0026495941268003986,100,1,0.25685124629442446,1
0.35,Bonferroni,0.002390756968200994,100,1,0.27610499526312376,0
0.35,LORD,0.01245609119776622,100,1,0.3155353270819892,0
0.35,ADDIS,0.027550449468280128,100,1,0.3657256617441531,0
0.35,LORD2.plus,0.021430328759444162,100,1,0.3603538554214623,0
0.35,SAFFRON,0.050020609596151455,100,1,0.3617173622062082,0
0.35,LOND,0.01426509234930784,100,1,0.3477437631504813,0
0.35,LOND.dep,0.0033545893824812826,100,1,0.2794126130853661,1
0.35,LORD.dep,0.0025187334070452404,100,1,0.26215990867288025,1
0.4,Bonferroni,0.001992497869392126,100,1,0.2757791895619368,0
0.4,LORD,0.012217035995032172,100,1,0.3243668515286598,0
0.4,ADDIS,0.026585607258405714,100,1,0.37872305914549415,0
0.4,LORD2.plus,0.020787868063693177,100,1,0.37081465992395196,0
0.4,SAFFRON,0.04749506271527763,100,1,0.3779572766675807,0
0.4,LOND,0.01355144632095649,100,1,0.3535814812638526,0
0.4,LOND.dep,0.003192129449946891,100,1,0.2837363642410996,1
0.4,LORD.dep,0.002386146658465567,100,1,0.26692819202322593,1
0.45000000000000007,Bonferroni,0.0017034682315931484,100,1,0.2762210122618424,0
0.45000000000000007,LORD,0.011302521147240438,100,1,0.3328771581491903,0
0.45000000000000007,ADDIS,0.02565827195141908,100,1,0.3901715746696151,0
0.45000000000000007,LORD2.plus,0.019143255747910263,100,1,0.38036564216593344,0
0.45000000000000007,SAFFRON,0.045289073266681204,100,1,0.3943733322258879,0
0.45000000000000007,LOND,0.012198729616528594,100,1,0.35963472012592096,0
0.45000000000000007,LOND.dep,0.0029612552863228876,100,1,0.2883123339377088,1
0.45000000000000007,LORD.dep,0.002298773351608718,100,1,0.2716717087950153,1
0.5,Bonferroni,0.001395554217422254,100,1,0.27634330962638487,0
0.5,LORD,0.010599324598045985,100,1,0.34047757706729326,0
0.5,ADDIS,0.024358074060488295,100,1,0.40182762472673444,0
0.5,LORD2.plus,0.01784380798949947,100,1,0.38918185477932155,0
0.5,SAFFRON,0.041955698346007465,100,1,0.4083017631317653,0
0.5,LOND,0.011299472245196437,100,1,0.3651502515970309,0
0.5,LOND.dep,0.0026241450133878555,100,1,0.292329991009484,1
0.5,LORD.dep,0.002080760086803349,100,1,0.2759234094378722,1
0.55,Bonferroni,0.0011969333680429716,100,1,0.27617889497325077,0
0.55,LORD,0.009633954579231569,100,1,0.347029389321296,0
0.55,ADDIS,0.022443673325083766,100,1,0.4116347006865352,0
0.55,LORD2.plus,0.016257092122289755,100,1,0.3967163323143715,0
0.55,SAFFRON,0.03876968556780827,100,1,0.4212189805219878,0
0.55,LOND,0.010289765945333453,100,1,0.36975083623317223,0
0.55,LOND.dep,0.0024330722199204565,100,1,0.2957441988601971,1
0.55,LORD.dep,0.0019420797596359366,100,1,0.27955551598968714,1
0.6,Bonferroni,9.428844857768057e-4,100,1,0.2761142400443026,0
0.6,LORD,0.008590663937860255,100,1,0.3536589301750926,0
0.6,ADDIS,0.021124127786003578,100,1,0.4218972188046502,0
0.6,LORD2.plus,0.01456419959420948,100,1,0.4043600269943019,0
0.6,SAFFRON,0.035168314254101295,100,1,0.4347028542152037,0
0.6,LOND,0.009155587466038978,100,1,0.3746733145665866,0
0.6,LOND.dep,0.00209565518889228,100,1,0.29921619972084307,1
0.6,LORD.dep,0.0016661096408055736,100,1,0.28317691913366466,1
0.65,Bonferroni,7.474901080872494e-4,100,1,0.27582446767529367,0
0.65,LORD,0.007507367519865222,100,1,0.35910349934146113,0
0.65,ADDIS,0.019075807443262004,100,1,0.4306398300032733,0
0.65,LORD2.plus,0.012677801045564851,100,1,0.4105573996156135,0
0.65,SAFFRON,0.03210344187807249,100,1,0.4474629897694372,0
0.65,LOND,0.007875959843334907,100,1,0.37881538743037607,0
0.65,LOND.dep,0.0017844538008164393,100,1,0.3020432792557381,1
0.65,LORD.dep,0.001431579508616576,100,1,0.2862154481945932,1
0.7000000000000001,Bonferroni,5.922963960622217e-4,100,1,0.2758985352491753,0
0.7000000000000001,LORD,0.00664570194195229,100,1,0.36470914811459887,0
0.7000000000000001,ADDIS,0.017000365125515844,100,1,0.4399645428024729,0
0.7000000000000001,LORD2.plus,0.011204340679860389,100,1,0.4169405168118619,0
0.7000000000000001,SAFFRON,0.027919831430208306,100,1,0.46040489473627966,0
0.7000000000000001,LOND,0.006930967421073253,100,1,0.3828258944322063,0
0.7000000000000001,LOND.dep,0.0015419305613403483,100,1,0.30500930322388725,1
0.7000000000000001,LORD.dep,0.0012549866578206476,100,1,0.289416246013506,1
0.75,Bonferroni,4.880836769158344e-4,100,1,0.27611851916779295,0
0.75,LORD,0.005615628677835579,100,1,0.3704805743990254,0
0.75,ADDIS,0.014520202384137886,100,1,0.44844595258644515,0
0.75,LORD2.plus,0.00945185899791113,100,1,0.4230584652935836,0
0.75,SAFFRON,0.024192136278881317,100,1,0.47283329646316824,0
0.75,LOND,0.005774633449078726,100,1,0.38696553102116127,0
0.75,LOND.dep,0.001302066943507364,100,1,0.30835983811600587,1
0.75,LORD.dep,0.001070788481540561,100,1,0.29277515760781514,1
0.8,Bonferroni,3.4056250718686676e-4,100,1,0.27609052590353883,0
0.8,LORD,0.004529307488345777,100,1,0.37564957055420595,0
0.8,ADDIS,0.012132589646311065,100,1,0.4577706277111012,0
0.8,LORD2.plus,0.0075602514081352665,100,1,0.4289088861225569,0
0.8,SAFFRON,0.02011597770529344,100,1,0.4854527435043916,0
0.8,LOND,0.004640526040628402,100,1,0.3907277326548656,0
0.8,LOND.dep,0.0010178011437425992,100,1,0.31097723352835366,1
0.8,LORD.dep,8.451146018553394e-4,100,1,0.2954613739112491,1
0.85,Bonferroni,2.55243720438718e-4,100,1,0.2760234649233091,0
0.85,LORD,0.003374586579737964,100,1,0.38064987239747483,0
0.85,ADDIS,0.009428851376467364,100,1,0.46591997817252706,0
0.85,LORD2.plus,0.00568767159114606,100,1,0.434310981995161,0
0.85,SAFFRON,0.015713191621075727,100,1,0.4985116561760778,0
0.85,LOND,0.0034693260814385274,100,1,0.39439711744670913,0
0.85,LOND.dep,7.799885700366353e-4,100,1,0.31372907874735595,1
0.85,LORD.dep,6.37406036381772e-4,100,1,0.2984389413512982,1
0.9,Bonferroni,1.5909415985091447e-4,100,1,0.27603844401851857,0
0.9,LORD,0.002249475908139911,100,1,0.3854250237132237,0
0.9,ADDIS,0.0065794111295346845,100,1,0.47486516203045565,0
0.9,LORD2.plus,0.0038190129648135395,100,1,0.43947060779440894,0
0.9,SAFFRON,0.010920034263625866,100,1,0.5115022076792873,0
0.9,LOND,0.002331196904801942,100,1,0.39785795304082994,0
0.9,LOND.dep,5.062075642122526e-4,100,1,0.31614813057409274,1
0.9,LORD.dep,4.092709244168134e-4,100,1,0.30092417884811806,1
0.9500000000000001,Bonferroni,7.35775464177792e-5,100,1,0.27598896788299615,0
0.9500000000000001,LORD,0.0011268911137395515,100,1,0.3899355031404672,0
0.9500000000000001,ADDIS,0.0034688346871227602,100,1,0.4834641855910469,0
0.9500000000000001,LORD2.plus,0.00189029668273236,100,1,0.4442880131460489,0
0.9500000000000001,SAFFRON,0.005694972437668323,100,1,0.5251395030765496,0
0.9500000000000001,LOND,0.0011434012039872664,100,1,0.4010593219521826,0
0.9500000000000001,LOND.dep,2.5923597376687835e-4,100,1,0.3184517710872634,1
0.9500000000000001,LORD.dep,2.1734304134355789e-4,100,1,0.3033013895649657,1
1,Bonferroni,0,100,1,0.2761851,0
1,LORD,0,100,1,0.3948527,0
1,ADDIS,0,100,1,0.49208040000000003,0
1,LORD2.plus,0,100,1,0.44918120000000006,0
1,SAFFRON,0,100,1,0.5401592,0
1,LOND,0,100,1,0.40467050000000004,0
1,LOND.dep,0,100,1,0.3212735,1
1,LORD.dep,0,100,1,0.30618599999999996,1
0.01,Bonferroni,0.0068535714285714285,100,0,0.20825403580510446,0
0.01,LORD,0.0038386813594005523,100,0,0.1910955968668282,0
0.01,ADDIS,0.021195234665231603,100,0,0.21891808682788735,0
0.01,LORD2.plus,0.003997846722501421,100,0,0.1918873712400287,0
0.01,SAFFRON,0.0460331047803757,100,0,0.20129881763483307,0
0.01,LOND,0.007038848170835013,100,0,0.20941516477973826,0
0.01,LOND.dep,0.004231738095238095,100,0,NA,1
0.01,LORD.dep,0.030132404761904763,100,0,0.14818587670866845,1
0.02,Bonferroni,0.005766904761904762,100,0,0.20735998690034177,0
0.02,LORD,0.003549561670538338,100,0,0.19266308636130508,0
0.02,ADDIS,0.02127975952134661,100,0,0.22321131405726785,0
0.02,LORD2.plus,0.0038665014816162665,100,0,0.19443928001560562,0
0.02,SAFFRON,0.045569677153417386,100,0,0.2067036805821502,0
0.02,LOND,0.006101422421463611,100,0,0.21009789218243374,0
0.02,LOND.dep,0.0033176666666666667,100,0,NA,1
0.02,LORD.dep,0.0273335,100,0,0.14124573146942657,1
0.03,Bonferroni,0.005475452380952381,100,0,0.2091595053716266,0
0.03,LORD,0.003792619649205224,100,0,0.19649902528690408,0
0.03,ADDIS,0.021544217715756906,100,0,0.22827207841749136,0
0.03,LORD2.plus,0.004145246514850637,100,0,0.19909941122062336,0
0.03,SAFFRON,0.0465222704401391,100,0,0.21344075362844905,0
0.03,LOND,0.0058186038564899826,100,0,0.21344744753835662,0
0.03,LOND.dep,0.00321135599078341,100,0,NA,1
0.03,LORD.dep,0.026672988095238097,100,0,0.13527864702107126,1
0.04,Bonferroni,0.00491334126984127,100,0,0.20772070608730256,0
0.04,LORD,0.0036093732527170347,100,0,0.19747569285623545,0
0.04,ADDIS,0.02270171554247451,100,0,0.23656762436805684,0
0.04,LORD2.plus,0.00399492584309846,100,0,0.20100093492247662,0
0.04,SAFFRON,0.048015810891743824,100,0,0.21612685038787074,0
0.04,LOND,0.00533063280406084,100,0,0.21371928509009286,0
0.04,LOND.dep,0.003018360028860029,100,0,NA,1
0.04,LORD.dep,0.024758435786435787,100,0,0.1263584728322743,1
0.05,Bonferroni,0.004459237373737374,100,0,0.206814427097295,0
0.05,LORD,0.0038258633721542585,100,0,0.19858764992274117,0
0.05,ADDIS,0.022904284762203967,100,0,0.23920570022071316,0
0.05,LORD2.plus,0.004366466234065907,100,0,0.20324346760842588,0
0.05,SAFFRON,0.04866135007087674,100,0,0.22267385835384587,0
0.05,LOND,0.005076477545664247,100,0,0.21436717261080568,0
0.05,LOND.dep,0.002670090100678336,100,0,NA,1
0.05,LORD.dep,0.023064781746031746,100,0,0.11926902813519895,1
0.060000000000000005,Bonferroni,0.004011448661491765,100,0,0.20829295629300582,0
0.060000000000000005,LORD,0.004085092582245188,100,0,0.2023742921122021,0
0.060000000000000005,ADDIS,0.02315297936973483,100,0,0.2470548802433773,0
0.060000000000000005,LORD2.plus,0.004568124880735625,100,0,0.2077306915777369,0
0.060000000000000005,SAFFRON,0.050748233570041885,100,0,0.2282959564241082,0
0.060000000000000005,LOND,0.0047555981019492145,100,0,0.21743907219441533,0
0.060000000000000005,LOND.dep,0.0026176236263736265,100,0,NA,1
0.060000000000000005,LORD.dep,0.02202399458874459,100,0,0.11281517647989575,1
0.06999999999999999,Bonferroni,0.003423596278721279,100,0,0.2073861077718001,0
0.06999999999999999,LORD,0.003949705655074391,100,0,0.20401067223097877,0
0.06999999999999999,ADDIS,0.02362624515412519,100,0,0.25203624443845835,0
0.06999999999999999,LORD2.plus,0.004403661976756273,100,0,0.21010194822212022,0
0.06999999999999999,SAFFRON,0.05081419830047259,100,0,0.23529734650106124,0
0.06999999999999999,LOND,0.004294458411778097,100,0,0.21830042346838063,0
0.06999999999999999,LOND.dep,0.0022994298952681304,100,0,NA,1
0.06999999999999999,LORD.dep,0.02040363383838384,100,0,0.10627013609326245,1
0.08,Bonferroni,0.003243868762816131,100,0,0.2074280479900643,0
0.08,LORD,0.004139223873482922,100,0,0.20627252243913907,0
0.08,ADDIS,0.025213055518133624,100,0,0.2568966506785571,0
0.08,LORD2.plus,0.0045848571023004246,100,0,0.21305148882304778,0
0.08,SAFFRON,0.05169414214416222,100,0,0.24068706222392694,0
0.08,LOND,0.004156286160816346,100,0,0.21978262339411228,0
0.08,LOND.dep,0.002244183557183557,100,0,NA,1
0.08,LORD.dep,0.019957441336441336,100,0,0.101135448789033,1
0.09,Bonferroni,0.0031879700577200575,100,0,0.20792848380679557,0
0.09,LORD,0.004266098766891748,100,0,0.20989539403379434,0
0.09,ADDIS,0.02552516079532687,100,0,0.2625344061243813,0
0.09,LORD2.plus,0.0047792451866178415,100,0,0.21701807538719597,0
0.09,SAFFRON,0.05206165739820806,100,0,0.2452187095056172,0
0.09,LOND,0.004061574624866297,100,0,0.2217420646302153,0
0.09,LOND.dep,0.0021721449494949497,100,0,NA,1
0.09,LORD.dep,0.018456081168831167,100,0,0.09669998917206955,1
0.1,Bonferroni,0.0026952189754689757,100,0,0.20781557079383062,0
0.1,LORD,0.0041349146323677085,100,0,0.2121428400253023,0
0.1,ADDIS,0.025675072386912627,100,0,0.26885842222838957,0
0.1,LORD2.plus,0.004719476384332617,100,0,0.21985753772651678,0
0.1,SAFFRON,0.05241525827674426,100,0,0.2515538897317739,0
0.1,LOND,0.003621495024520029,100,0,0.22311857685321335,0
0.1,LOND.dep,0.0018335560966810966,100,0,NA,1
0.1,LORD.dep,0.018181771645021643,100,0,0.09194563744335262,1
0.15000000000000002,Bonferroni,0.0020299492700282173,100,0,0.20810817164377662,0
0.15000000000000002,LORD,0.004984688759240064,100,0,0.2256985509485591,0
0.15000000000000002,ADDIS,0.027281100484592927,100,0,0.2934573481825627,0
0.15000000000000002,LORD2.plus,0.00499665693820942,100,0,0.23449303301365676,0
0.15000000000000002,SAFFRON,0.05443803149117283,100,0,0.27891085615769196,0
0.15000000000000002,LOND,0.003009622582922287,100,0,0.229887684739932,0
0.15000000000000002,LOND.dep,0.001536574215639433,100,0,NA,1
0.15000000000000002,LORD.dep,0.015004113289488289,100,0,0.07615235472315518,1
0.2,Bonferroni,0.0015234664453193864,100,0,0.2072509313446175,0
0.2,LORD,0.0055251529259058374,100,0,0.23787154790118292,0
0.2,ADDIS,0.02819298755211006,100,0,0.3143234464740778,0
0.2,LORD2.plus,0.005206472773263978,100,0,0.24648522236305406,0
0.2,SAFFRON,0.055640189718503104,100,0,0.30258513206054044,0
0.2,LOND,0.002632500488579557,100,0,0.2350649477828023,0
0.2,LOND.dep,0.001139941795355045,100,0,NA,1
0.2,LORD.dep,0.012766255851905233,100,0,0.06702359018770114,1
0.25,Bonferroni,0.0010443145379875256,100,0,0.2082036842219097,0
0.25,LORD,0.005897765284183581,100,0,0.2510621710985475,0
0.25,ADDIS,0.027702099685715836,100,0,0.3324197236126737,0
0.25,LORD2.plus,0.004996696843087115,100,0,0.258832581326701,0
0.25,SAFFRON,0.05494821133599162,100,0,0.3249152555992902,0
0.25,LOND,0.0021599223875532945,100,0,0.24114505340140488,0
0.25,LOND.dep,8.479091809416887e-4,100,0,NA,1
0.25,LORD.dep,0.010927831749949397,100,0,0.061987938833091547,1
0.30000000000000004,Bonferroni,8.607738459510905e-4,100,0,0.20782110793395175,0
0.30000000000000004,LORD,0.0059047323464382784,100,0,0.2615209701473429,0
0.30000000000000004,ADDIS,0.027205069980269576,100,0,0.34784158596725623,0
0.30000000000000004,LORD2.plus,0.00470280886015691,100,0,0.26777176699778227,0
0.30000000000000004,SAFFRON,0.05313257349916981,100,0,0.3442286844492966,0
0.30000000000000004,LOND,0.0019042546802274774,100,0,0.24530062554256593,0
0.30000000000000004,LOND.dep,7.689800775397751e-4,100,0,NA,1
0.30000000000000004,LORD.dep,0.009206665947577124,100,0,0.05953619784474992,1
0.35,Bonferroni,6.603662172880439e-4,100,0,0.20784633799029859,0
0.35,LORD,0.006018274579866489,100,0,0.27192522252855034,0
0.35,ADDIS,0.026365858805693657,100,0,0.36272975924218487,0
0.35,LORD2.plus,0.0044971689165210875,100,0,0.2763699297098802,0
0.35,SAFFRON,0.04974633633449461,100,0,0.3612779779258398,0
0.35,LOND,0.0015894508432251432,100,0,0.24956833632799233,0
0.35,LOND.dep,6.172887166109841e-4,100,0,NA,1
0.35,LORD.dep,0.008363510683144348,100,0,0.05911123865476729,1
0.4,Bonferroni,5.764152377954236e-4,100,0,0.20777501498292053,0
0.4,LORD,0.006218451563142237,100,0,0.2811501791007806,0
0.4,ADDIS,0.025493778160319544,100,0,0.3755195732203236,0
0.4,LORD2.plus,0.004344708006298527,100,0,0.2838552642429208,0
0.4,SAFFRON,0.04726656383738953,100,0,0.3775116163487789,0
0.4,LOND,0.0015238515784560716,100,0,0.2532270393518427,0
0.4,LOND.dep,5.463913444012113e-4,100,0,NA,1
0.4,LORD.dep,0.006801815940711522,100,0,0.06055384301106073,1
0.45000000000000007,Bonferroni,4.461779641157215e-4,100,0,0.20809336689358232,0
0.45000000000000007,LORD,0.006067057107683814,100,0,0.29037991975518224,0
0.45000000000000007,ADDIS,0.024625283169417502,100,0,0.38691071584957404,0
0.45000000000000007,LORD2.plus,0.004125428063687898,100,0,0.2912088114941294,0
0.45000000000000007,SAFFRON,0.04506271422609543,100,0,0.3939063664224255,0
0.45000000000000007,LOND,0.001367697688093108,100,0,0.25715141061408875,0
0.45000000000000007,LOND.dep,4.7797541678261076e-4,100,0,NA,1
0.45000000000000007,LORD.dep,0.005974966837336621,100,0,0.061933370005072,1
0.5,Bonferroni,3.851169856520796e-4,100,0,0.20815945273251485,0
0.5,LORD,0.005839161434278959,100,0,0.2986390054790421,0
0.5,ADDIS,0.023318726302172393,100,0,0.3983830379015012,0
0.5,LORD2.plus,0.0037579920426181867,100,0,0.2975613420599236,0
0.5,SAFFRON,0.041741601461865487,100,0,0.407808042485463,0
0.5,LOND,0.0012316133231880108,100,0,0.2605605160022305,0
0.5,LOND.dep,4.353931770126267e-4,100,0,NA,1
0.5,LORD.dep,0.005268656450442014,100,0,0.06439290987905395,1
0.55,Bonferroni,3.1897555929798844e-4,100,0,0.2079881813005415,0
0.55,LORD,0.0055931267931176734,100,0,0.3061725719419785,0
0.55,ADDIS,0.02149969535665613,100,0,0.40808888163601553,0
0.55,LORD2.plus,0.003464716295491381,100,0,0.30316036011669967,0
0.55,SAFFRON,0.03855821635336868,100,0,0.42072025183022155,0
0.55,LOND,0.0011105980986798947,100,0,0.26350534917214224,0
0.55,LOND.dep,3.7978517998671124e-4,100,0,NA,1
0.55,LORD.dep,0.004678114608588616,100,0,0.06707947554682865,1
0.6,Bonferroni,2.4579569424029664e-4,100,0,0.208118049501676,0
0.6,LORD,0.005137918941907811,100,0,0.3136316862503603,0
0.6,ADDIS,0.02023985842041839,100,0,0.41829273658946925,0
0.6,LORD2.plus,0.003047705640330202,100,0,0.3085940297630262,0
0.6,SAFFRON,0.03499721868968878,100,0,0.4341911372787024,0
0.6,LOND,9.248520928665957e-4,100,0,0.2663729021315335,0
0.6,LOND.dep,3.049726857780736e-4,100,0,NA,1
0.6,LORD.dep,0.004082746282104492,100,0,0.06992401689459285,1
0.65,Bonferroni,1.8128671075128052e-4,100,0,0.20780927217207493,0
0.65,LORD,0.004547946566596275,100,0,0.3200902937088644,0
0.65,ADDIS,0.01824942648972678,100,0,0.427006237871762,0
0.65,LORD2.plus,0.0026495288641487915,100,0,0.3132232233423303,0
0.65,SAFFRON,0.031942365759222296,100,0,0.44692830331649724,0
0.65,LOND,7.929260974023885e-4,100,0,0.2686939107328949,0
0.65,LOND.dep,2.5152046950069026e-4,100,0,NA,1
0.65,LORD.dep,0.0031391424164465644,100,0,0.07358301798648591,1
0.7000000000000001,Bonferroni,1.388052631123129e-4,100,0,0.20791474969266047,0
0.7000000000000001,LORD,0.004164909433931675,100,0,0.32651633514729467,0
0.7000000000000001,ADDIS,0.016265022973274208,100,0,0.436143976991175,0
0.7000000000000001,LORD2.plus,0.0023321656885456456,100,0,0.3176738755007299,0
0.7000000000000001,SAFFRON,0.027771692720562666,100,0,0.45983530176322546,0
0.7000000000000001,LOND,6.611656241266828e-4,100,0,0.2713334520988944,0
0.7000000000000001,LOND.dep,1.921046659717616e-4,100,0,NA,1
0.7000000000000001,LORD.dep,0.002573835578804728,100,0,0.07715629193439766,1
0.75,Bonferroni,1.2853918171215595e-4,100,0,0.20808354406447171,0
0.75,LORD,0.003554988532497279,100,0,0.3332639791661965,0
0.75,ADDIS,0.013870446762065792,100,0,0.4445586484120083,0
0.75,LORD2.plus,0.0019479650390215565,100,0,0.3225566186755558,0
0.75,SAFFRON,0.02406090117001845,100,0,0.4722777201117994,0
0.75,LOND,5.695062382873847e-4,100,0,0.2741215174034848,0
0.75,LOND.dep,1.844026307905641e-4,100,0,NA,1
0.75,LORD.dep,0.0021868775394280563,100,0,0.08112019645400231,1
0.8,Bonferroni,9.606232998336248e-5,100,0,0.20796139806878777,0
0.8,LORD,0.0029183664085432777,100,0,0.33889550292682635,0
0.8,ADDIS,0.011581256474723111,100,0,0.4537807570310968,0
0.8,LORD2.plus,0.0015552063831657532,100,0,0.32641308258086693,0
0.8,SAFFRON,0.02001418531873322,100,0,0.4848700170656547,0
0.8,LOND,4.234487802757903e-4,100,0,0.2763781394952855,0
0.8,LOND.dep,1.3955750635418079e-4,100,0,NA,1
0.8,LORD.dep,0.001481868802106125,100,0,0.08512900483329326,1
0.85,Bonferroni,6.499111299512773e-5,100,0,0.20790382325764437,0
0.85,LORD,0.0022528543743025944,100,0,0.3449564074792618,0
0.85,ADDIS,0.009022469119870735,100,0,0.46179631464162313,0
0.85,LORD2.plus,0.0011827608863024094,100,0,0.3305561556355545,0
0.85,SAFFRON,0.015630862818078812,100,0,0.49791089773958486,0
0.85,LOND,3.124989804874861e-4,100,0,0.2785978950122612,0
0.85,LOND.dep,1.0286332687518936e-4,100,0,NA,1
0.85,LORD.dep,0.0013773872412737066,100,0,0.08912249913344995,1
0.9,Bonferroni,4.389388833179859e-5,100,0,0.2079222708989589,0
0.9,LORD,0.0015141560513642338,100,0,0.3501945400068523,0
0.9,ADDIS,0.006283653795002287,100,0,0.47069302219339254,0
0.9,LORD2.plus,7.788044267732993e-4,100,0,0.3340915063808958,0
0.9,SAFFRON,0.010855484904787395,100,0,0.5108874435384863,0
0.9,LOND,2.1802060711622505e-4,100,0,0.280786632983288,0
0.9,LOND.dep,6.414689994619731e-5,100,0,NA,1
0.9,LORD.dep,7.030742522226984e-4,100,0,0.09368901077041415,1
0.9500000000000001,Bonferroni,1.9542171353112377e-5,100,0,0.20788453639067855,0
0.9500000000000001,LORD,7.867569801562436e-4,100,0,0.35531711047512,0
0.9500000000000001,ADDIS,0.003316036317861966,100,0,0.4791770066928723,0
0.9500000000000001,LORD2.plus,3.9147112672553795e-4,100,0,0.33746707956265887,0
0.9500000000000001,SAFFRON,0.0056656706565649155,100,0,0.5245043687665281,0
0.9500000000000001,LOND,1.0659403325757796e-4,100,0,0.2828380334069993,0
0.9500000000000001,LOND.dep,3.1620491007944744e-5,100,0,NA,1
0.9500000000000001,LORD.dep,4.147444171737607e-4,100,0,0.09761485579525242,1
1,Bonferroni,0,100,0,0.20812170000000005,0
1,LORD,0,100,0,0.3611656,0
1,ADDIS,0,100,0,0.4877193,0
1,LORD2.plus,0,100,0,0.3413021,0
1,SAFFRON,0,100,0,0.5394925,0
1,LOND,0,100,0,0.2850661,0
1,LOND.dep,0,100,0,NA,1
1,LORD.dep,0,100,0,0.10288119999999994,1
0.01,Bonferroni,0.0076568147865206685,1000,1,0.29445839194235374,0
0.01,LORD,0.01379144198167456,1000,1,0.2647301022155162,0
0.01,ADDIS,0.033484718377558204,1000,1,0.2631742312159337,0
0.01,LORD2.plus,0.02348970154471133,1000,1,0.2914422072320863,0
0.01,SAFFRON,0.0623417207049603,1000,1,0.23000585152696293,0
0.01,LOND,0.016797439473618853,1000,1,0.31550146162983117,0
0.01,LOND.dep,0.0038471710311408372,1000,1,0.2625442345064762,1
0.01,LORD.dep,0.002943113977936285,1000,1,0.25183993930594106,1
0.02,Bonferroni,0.0040292103536680845,1000,1,0.2927469144900515,0
0.02,LORD,0.01446144705867859,1000,1,0.2866842124089925,0
0.02,ADDIS,0.03757007729004386,1000,1,0.2915401715538602,0
0.02,LORD2.plus,0.026003910525032425,1000,1,0.3178137144204227,0
0.02,SAFFRON,0.07024517667810348,1000,1,0.2599236210571504,0
0.02,LOND,0.015784392326138152,1000,1,0.3288493871944913,0
0.02,LOND.dep,0.002458042959456003,1000,1,0.2717942580243924,1
0.02,LORD.dep,0.0018061626517529555,1000,1,0.2609247391140101,1
0.03,Bonferroni,0.0032075202432268603,1000,1,0.2921416102718654,0
0.03,LORD,0.016601585049735922,1000,1,0.3031274323256362,0
0.03,ADDIS,0.03718194054928749,1000,1,0.3153711964610803,0
0.03,LORD2.plus,0.02900800784183189,1000,1,0.337264062733698,0
0.03,SAFFRON,0.07443864285240094,1000,1,0.2829287924961253,0
0.03,LOND,0.01731742065462578,1000,1,0.339541330704069,0
0.03,LOND.dep,0.002931767194415147,1000,1,0.27928968665547704,1
0.03,LORD.dep,0.002126495961079544,1000,1,0.2686462538100371,1
0.04,Bonferroni,0.0026341925445558345,1000,1,0.2919709405686122,0
0.04,LORD,0.01789575691565657,1000,1,0.31585771011610675,0
0.04,ADDIS,0.038112706944834804,1000,1,0.33409486519534726,0
0.04,LORD2.plus,0.03092408071165156,1000,1,0.35257275399285426,0
0.04,SAFFRON,0.07625463976099194,1000,1,0.3015688244446426,0
0.04,LOND,0.017506821769782407,1000,1,0.3481911357862567,0
0.04,LOND.dep,0.003022479153165274,1000,1,0.285963967427342,1
0.04,LORD.dep,0.0023941852460912854,1000,1,0.27555486390507206,1
0.05,Bonferroni,0.0024264931639585655,1000,1,0.29147179953647817,0
0.05,LORD,0.017678766511037645,1000,1,0.3259896482687429,0
0.05,ADDIS,0.04082420926817365,1000,1,0.3488286112439588,0
0.05,LORD2.plus,0.02984130353902967,1000,1,0.36398554604149225,0
0.05,SAFFRON,0.0774154334995911,1000,1,0.31731057362093323,0
0.05,LOND,0.016871220841646772,1000,1,0.3548236131216168,0
0.05,LOND.dep,0.00318873585318254,1000,1,0.2906800191176365,1
0.05,LORD.dep,0.002764143345115912,1000,1,0.2812943791933538,1
0.060000000000000005,Bonferroni,0.0016161545575702268,1000,1,0.2915715889224296,0
0.060000000000000005,LORD,0.019079478651353787,1000,1,0.3343721665892825,0
0.060000000000000005,ADDIS,0.04234148024433748,1000,1,0.3622774843325103,0
0.060000000000000005,LORD2.plus,0.03187480794748777,1000,1,0.37368747238883643,0
0.060000000000000005,SAFFRON,0.07788139518649138,1000,1,0.33127911058602016,0
0.060000000000000005,LOND,0.017686930902794728,1000,1,0.3609044913145209,0
0.060000000000000005,LOND.dep,0.0028997420573563704,1000,1,0.29566943980556093,1
0.060000000000000005,LORD.dep,0.0023908847614039943,1000,1,0.2865177828314091,1
0.06999999999999999,Bonferroni,0.0016697037408299567,1000,1,0.2922875816770211,0
0.06999999999999999,LORD,0.018765393962341816,1000,1,0.34254673882468895,0
0.06999999999999999,ADDIS,0.04314525733186036,1000,1,0.37264584163687525,0
0.06999999999999999,LORD2.plus,0.031208767883028884,1000,1,0.3830094664746792,0
0.06999999999999999,SAFFRON,0.0773995140567896,1000,1,0.3425571146304428,0
0.06999999999999999,LOND,0.017581376310453374,1000,1,0.3673276023679127,0
0.06999999999999999,LOND.dep,0.0030221146387624763,1000,1,0.3009274284305277,1
0.06999999999999999,LORD.dep,0.0025768692486463894,1000,1,0.2921141650300681,1
0.08,Bonferroni,0.0012774722330121764,1000,1,0.29225369961710973,0
0.08,LORD,0.019494252581939167,1000,1,0.3492943788714425,0
0.08,ADDIS,0.04182855525514756,1000,1,0.3811495882956253,0
0.08,LORD2.plus,0.0328612226722331,1000,1,0.3915398665218905,0
0.08,SAFFRON,0.0782990229676253,1000,1,0.35318697156714646,0
0.08,LOND,0.018125710206629918,1000,1,0.3729459554082147,0
0.08,LOND.dep,0.0028519900656513763,1000,1,0.3046940019820023,1
0.08,LORD.dep,0.0024385828347921754,1000,1,0.2961419672721476,1
0.09,Bonferroni,0.0010948491890261625,1000,1,0.292487388195741,0
0.09,LORD,0.017807350503807887,1000,1,0.3547830208963937,0
0.09,ADDIS,0.043203833189064844,1000,1,0.38912883391815756,0
0.09,LORD2.plus,0.029966527576948968,1000,1,0.39729392148097115,0
0.09,SAFFRON,0.07704296411384529,1000,1,0.3613331313507948,0
0.09,LOND,0.016402731318312075,1000,1,0.3768924650985136,0
0.09,LOND.dep,0.002492372145868308,1000,1,0.30804759809379245,1
0.09,LORD.dep,0.0020880814182666517,1000,1,0.29969638367900425,1
0.1,Bonferroni,9.473974734248271e-4,1000,1,0.2922409050882932,0
0.1,LORD,0.017810847648594842,1000,1,0.3594512006150803,0
0.1,ADDIS,0.04156926684777855,1000,1,0.39695359740966685,0
0.1,LORD2.plus,0.03070909039760986,1000,1,0.4031284594535738,0
0.1,SAFFRON,0.07676404934040473,1000,1,0.37033689336747105,0
0.1,LOND,0.01636705011244619,1000,1,0.3810838487814518,0
0.1,LOND.dep,0.0026191749168507244,1000,1,0.31106309325343634,1
0.1,LORD.dep,0.00226106305152266,1000,1,0.3026757734966254,1
0.15000000000000002,Bonferroni,6.913619574892445e-4,1000,1,0.29168178682981283,0
0.15000000000000002,LORD,0.017741330555966175,1000,1,0.379466974571507,0
0.15000000000000002,ADDIS,0.04351507563342327,1000,1,0.4260371334723381,0
0.15000000000000002,LORD2.plus,0.029838038943753933,1000,1,0.4263001438008067,0
0.15000000000000002,SAFFRON,0.0753777091099778,1000,1,0.40496750764205625,0
0.15000000000000002,LOND,0.016001529172973022,1000,1,0.39733820934886677,0
0.15000000000000002,LOND.dep,0.00255521251173739,1000,1,0.3232092294546086,1
0.15000000000000002,LORD.dep,0.0022607488644044416,1000,1,0.3155671086394302,1
0.2,Bonferroni,4.49557561237625e-4,1000,1,0.292178696738417,0
0.2,LORD,0.016387966013717038,1000,1,0.3954407818674843,0
0.2,ADDIS,0.04052360493485208,1000,1,0.44648746832046105,0
0.2,LORD2.plus,0.028008248937763595,1000,1,0.4444580230836143,0
0.2,SAFFRON,0.07127671394763817,1000,1,0.4303443597804711,0
0.2,LOND,0.014825813395639558,1000,1,0.4105433464465405,0
0.2,LOND.dep,0.0022172904966200075,1000,1,0.33310819819783916,1
0.2,LORD.dep,0.0019736913339309884,1000,1,0.325639407873699,1
0.25,Bonferroni,3.404764907971701e-4,1000,1,0.29238488421528414,0
0.25,LORD,0.01716254224976446,1000,1,0.4082764297622246,0
0.25,ADDIS,0.04095002126807729,1000,1,0.4658393213449309,0
0.25,LORD2.plus,0.02931083325272629,1000,1,0.45868000662186204,0
0.25,SAFFRON,0.06876957288436453,1000,1,0.45188180136398953,0
0.25,LOND,0.015786730837671348,1000,1,0.421242055857992,0
0.25,LOND.dep,0.002421180372409146,1000,1,0.3413419171912607,1
0.25,LORD.dep,0.0021772638925397795,1000,1,0.3340801483515183,1
0.30000000000000004,Bonferroni,3.0494490950649017e-4,1000,1,0.2921090837633799,0
0.30000000000000004,LORD,0.016206246803466752,1000,1,0.41880109684147987,0
0.30000000000000004,ADDIS,0.03890288165659967,1000,1,0.48104970738741964,0
0.30000000000000004,LORD2.plus,0.027536861994356523,1000,1,0.4706067729287797,0
0.30000000000000004,SAFFRON,0.06596442262902306,1000,1,0.47052383446370954,0
0.30000000000000004,LOND,0.01504302462073786,1000,1,0.4303252199687028,0
0.30000000000000004,LOND.dep,0.0023372279417936044,1000,1,0.3477041107644618,1
0.30000000000000004,LORD.dep,0.0020954631942871013,1000,1,0.3405998125034474,1
0.35,Bonferroni,1.872557555880627e-4,1000,1,0.2926534300093646,0
0.35,LORD,0.01532676164888724,1000,1,0.42789810473095874,0
0.35,ADDIS,0.03747660248835382,1000,1,0.49375628490237666,0
0.35,LORD2.plus,0.026437615581770987,1000,1,0.4806253977102356,0
0.35,SAFFRON,0.06180295103316634,1000,1,0.4864629097570099,0
0.35,LOND,0.014272370226641358,1000,1,0.43808789979759044,0
0.35,LOND.dep,0.0020522237743973923,1000,1,0.35372670108926346,1
0.35,LORD.dep,0.0018449051919856158,1000,1,0.3466036183606292,1
0.4,Bonferroni,2.006988726444539e-4,1000,1,0.2923221666704529,0
0.4,LORD,0.013776394546318845,1000,1,0.4355541974463561,0
0.4,ADDIS,0.035497415818351946,1000,1,0.5060592197356139,0
0.4,LORD2.plus,0.023465607652968477,1000,1,0.48941212526323186,0
0.4,SAFFRON,0.05806535842927524,1000,1,0.5011876780725504,0
0.4,LOND,0.012813923539995112,1000,1,0.4447286203654824,0
0.4,LOND.dep,0.0019335566267779038,1000,1,0.3585623894826069,1
0.4,LORD.dep,0.0017411892417838462,1000,1,0.35150596823680275,1
0.45000000000000007,Bonferroni,1.2590653509333426e-4,1000,1,0.2924860336513256,0
0.45000000000000007,LORD,0.012735902381594302,1000,1,0.44337792623611,0
0.45000000000000007,ADDIS,0.034525654411515054,1000,1,0.517836609651385,0
0.45000000000000007,LORD2.plus,0.02183993159064856,1000,1,0.4975677872388172,0
0.45000000000000007,SAFFRON,0.05531674120751414,1000,1,0.515667820367975,0
0.45000000000000007,LOND,0.011829901213406317,1000,1,0.4513363524823564,0
0.45000000000000007,LOND.dep,0.0017245452748790957,1000,1,0.36359360726323303,1
0.45000000000000007,LORD.dep,0.0015533988122854166,1000,1,0.35661711842233834,1
0.5,Bonferroni,1.2211433265570747e-4,1000,1,0.29172963684999415,0
0.5,LORD,0.011474105791863339,1000,1,0.4494210427524106,0
0.5,ADDIS,0.03282680316919077,1000,1,0.5286553760004744,0
0.5,LORD2.plus,0.019732049103712433,1000,1,0.5042580042059909,0
0.5,SAFFRON,0.05153483428339172,1000,1,0.52859296055475,0
0.5,LOND,0.010754531554489959,1000,1,0.456433284289317,0
0.5,LOND.dep,0.0015764410535429867,1000,1,0.3671292763117763,1
0.5,LORD.dep,0.0014365823226502416,1000,1,0.36013027923517454,1
0.55,Bonferroni,1.729924624533178e-4,1000,1,0.2919798757241505,0
0.55,LORD,0.01128587215226061,1000,1,0.45600710823088175,0
0.55,ADDIS,0.030953064241794385,1000,1,0.5391649548193873,0
0.55,LORD2.plus,0.019221948456713583,1000,1,0.5112787173228509,0
0.55,SAFFRON,0.04761107256779074,1000,1,0.5411900722430307,0
0.55,LOND,0.010641666696026454,1000,1,0.4619140221186393,0
0.55,LOND.dep,0.0017202555382460042,1000,1,0.37136276435857757,1
0.55,LORD.dep,0.0015543941921713166,1000,1,0.3643693219952274,1
0.6,Bonferroni,1.0962262655830391e-4,1000,1,0.2921742687105833,0
0.6,LORD,0.009827213714715753,1000,1,0.4616353902553015,0
0.6,ADDIS,0.028340009821050505,1000,1,0.5488853086780908,0
0.6,LORD2.plus,0.016703291878968685,1000,1,0.5174390681612976,0
0.6,SAFFRON,0.04393228645407222,1000,1,0.5536695259267244,0
0.6,LOND,0.009159744199241966,1000,1,0.4667751196772704,0
0.6,LOND.dep,0.0014484889261539321,1000,1,0.37463495001077607,1
0.6,LORD.dep,0.0013204665224376736,1000,1,0.3676391587721821,1
0.65,Bonferroni,6.810064972119925e-5,1000,1,0.29200981076692195,0
0.65,LORD,0.008309374370512917,1000,1,0.4672203658359856,0
0.65,ADDIS,0.027413972969026413,1000,1,0.559741097844155,0
0.65,LORD2.plus,0.014383841433070045,1000,1,0.5230168377507097,0
0.65,SAFFRON,0.03981692421936581,1000,1,0.5660803226890215,0
0.65,LOND,0.007774826931874355,1000,1,0.47116944173853187,0
0.65,LOND.dep,0.0011105368443707585,1000,1,0.3781284707799229,1
0.65,LORD.dep,0.0010119292635326653,1000,1,0.3711647288430863,1
0.7000000000000001,Bonferroni,4.354484732253445e-5,1000,1,0.29182230314156477,0
0.7000000000000001,LORD,0.007024784991543989,1000,1,0.472226548333501,0
0.7000000000000001,ADDIS,0.024314078810968115,1000,1,0.5691140085203097,0
0.7000000000000001,LORD2.plus,0.012122082921464493,1000,1,0.5281541799494511,0
0.7000000000000001,SAFFRON,0.03546006083383991,1000,1,0.5782091725170536,0
0.7000000000000001,LOND,0.0065854431104197106,1000,1,0.475389489117478,0
0.7000000000000001,LOND.dep,9.523713219164132e-4,1000,1,0.3811765320421567,1
0.7000000000000001,LORD.dep,8.641075554318941e-4,1000,1,0.3741738623648668,1
0.75,Bonferroni,6.407685104475149e-5,1000,1,0.29223845287404476,0
0.75,LORD,0.006330748997282248,1000,1,0.4774708567863296,0
0.75,ADDIS,0.02069691845850208,1000,1,0.5788167644937666,0
0.75,LORD2.plus,0.010887936049541285,1000,1,0.5336586326987114,0
0.75,SAFFRON,0.03068608141735067,1000,1,0.5905292871463512,0
0.75,LOND,0.0060409365953333245,1000,1,0.4799432309656216,0
0.75,LOND.dep,9.718308574841678e-4,1000,1,0.3843890101233959,1
0.75,LORD.dep,8.793983079254537e-4,1000,1,0.3774337849122662,1
0.8,Bonferroni,2.3809383061129913e-5,1000,1,0.2919265049054894,0
0.8,LORD,0.004732104872215742,1000,1,0.4820021275990991,0
0.8,ADDIS,0.01789285497420441,1000,1,0.5887455465041816,0
0.8,LORD2.plus,0.00834172305894618,1000,1,0.5381638518582017,0
0.8,SAFFRON,0.025954093483827396,1000,1,0.6037180844931445,0
0.8,LOND,0.004486363458471501,1000,1,0.4835119176760763,0
0.8,LOND.dep,5.971724017807349e-4,1000,1,0.3870542428919475,1
0.8,LORD.dep,5.354031791491277e-4,1000,1,0.380060515154876,1
0.85,Bonferroni,2.0333718760630373e-5,1000,1,0.29202921310001073,0
0.85,LORD,0.00355486429088039,1000,1,0.4867479474192,0
0.85,ADDIS,0.014602637700058489,1000,1,0.598930232313318,0
0.85,LORD2.plus,0.006225260899273067,1000,1,0.5428313990425238,0
0.85,SAFFRON,0.020547716253587242,1000,1,0.6171365635453079,0
0.85,LOND,0.0033464833658754882,1000,1,0.4872025201093937,0
0.85,LOND.dep,4.6787292029936756e-4,1000,1,0.38961406640074314,1
0.85,LORD.dep,4.1896160261759957e-4,1000,1,0.3826083907680045,1
0.9,Bonferroni,1.2912317461735191e-5,1000,1,0.29187671447144803,0
0.9,LORD,0.002366132193691063,1000,1,0.4907629381143682,0
0.9,ADDIS,0.01001362069860306,1000,1,0.6090589475057716,0
0.9,LORD2.plus,0.00415500237011281,1000,1,0.5468403764913392,0
0.9,SAFFRON,0.014538022171699114,1000,1,0.6315312862666572,0
0.9,LOND,0.002248351990932219,1000,1,0.49037914701915913,0
0.9,LOND.dep,3.251345093549585e-4,1000,1,0.3920095762603813,1
0.9,LORD.dep,2.9517614457495625e-4,1000,1,0.3849704104623352,1
0.9500000000000001,Bonferroni,3.5524047349591357e-6,1000,1,0.29181897409810736,0
0.9500000000000001,LORD,0.0011653290686754107,1000,1,0.4951408950660137,0
0.9500000000000001,ADDIS,0.005574715348389983,1000,1,0.6203222113968728,0
0.9500000000000001,LORD2.plus,0.002048649227310165,1000,1,0.5507452709068859,0
0.9500000000000001,SAFFRON,0.007904855438393019,1000,1,0.6473097905545734,0
0.9500000000000001,LOND,0.0010762978562263872,1000,1,0.49360052592491027,0
0.9500000000000001,LOND.dep,1.4992620419557144e-4,1000,1,0.3943509736498005,1
0.9500000000000001,LORD.dep,1.349244080283457e-4,1000,1,0.3872298858797371,1
1,Bonferroni,0,1000,1,0.2921054,0
1,LORD,0,1000,1,0.4994321,0
1,ADDIS,0,1000,1,0.6313725,0
1,LORD2.plus,0,1000,1,0.5547857,0
1,SAFFRON,0,1000,1,0.6646906700000003,0
1,LOND,0,1000,1,0.496896,0
1,LOND.dep,0,1000,1,0.3968856,1
1,LORD.dep,0,1000,1,0.3898179,1
0.01,Bonferroni,0.004023730158730159,1000,0,0.2406169427128541,0
0.01,LORD,0.007088302078100887,1000,0,0.24732449661433792,0
0.01,ADDIS,0.029968316450122455,1000,0,0.2627905878741399,0
0.01,LORD2.plus,0.007604987770923839,1000,0,0.25562645337694573,0
0.01,SAFFRON,0.06231825705534451,1000,0,0.22999321767979902,0
0.01,LOND,0.005350362515701801,1000,0,0.2550640397857641,0
0.01,LOND.dep,0.0026929761904761905,1000,0,NA,1
0.01,LORD.dep,0.02053026664157099,1000,0,0.08927743370148675,1
0.02,Bonferroni,0.0016784641012582188,1000,0,0.2396259586049517,0
0.02,LORD,0.008269100401282765,1000,0,0.2686549428777553,0
0.02,ADDIS,0.03698988930225588,1000,0,0.2911508043310819,0
0.02,LORD2.plus,0.0077244613788617356,1000,0,0.27775337383525883,0
0.02,SAFFRON,0.07022157090807675,1000,0,0.25989426697593454,0
0.02,LOND,0.0027709102477320724,1000,0,0.26316682569818095,0
0.02,LOND.dep,9.531035631035631e-4,1000,0,NA,1
0.02,LORD.dep,0.018571628094128094,1000,0,0.05509848854587763,1
0.03,Bonferroni,0.0012598098083547,1000,0,0.23848796076629405,0
0.03,LORD,0.011081534311800034,1000,0,0.2857806617667218,0
0.03,ADDIS,0.03666889409824517,1000,0,0.31497840095796553,0
0.03,LORD2.plus,0.009149204366627547,1000,0,0.2941240187614655,0
0.03,SAFFRON,0.0744135758406643,1000,0,0.28290642025056617,0
0.03,LOND,0.0026605513517912725,1000,0,0.27052140165635097,0
0.03,LOND.dep,6.989611927111927e-4,1000,0,NA,1
0.03,LORD.dep,0.014464405871905872,1000,0,0.040180796775144224,1
0.04,Bonferroni,0.0010594383212284343,1000,0,0.23897611016561443,0
0.04,LORD,0.013101443193769793,1000,0,0.29947416753552175,0
0.04,ADDIS,0.037731964351685986,1000,0,0.3335628238010124,0
0.04,LORD2.plus,0.009875462537629713,1000,0,0.30598917217246735,0
0.04,SAFFRON,0.07622593712561032,1000,0,0.3015455391865107,0
0.04,LOND,0.0025851824472693024,1000,0,0.2765917124114445,0
0.04,LOND.dep,7.602619777494939e-4,1000,0,NA,1
0.04,LORD.dep,0.012039066786756415,1000,0,0.03327157648297401,1
0.05,Bonferroni,0.0010259579510633837,1000,0,0.23806202659044276,0
0.05,LORD,0.013825166521716097,1000,0,0.3113575676720717,0
0.05,ADDIS,0.040510026215354045,1000,0,0.34830575705283034,0
0.05,LORD2.plus,0.009947817778128597,1000,0,0.3161615664098329,0
0.05,SAFFRON,0.07739313815353314,1000,0,0.31728146259881623,0
0.05,LOND,0.002622658385370041,1000,0,0.28142571466167504,0
0.05,LOND.dep,9.621917140541909e-4,1000,0,NA,1
0.05,LORD.dep,0.01064122733003151,1000,0,0.02860734616242102,1
0.060000000000000005,Bonferroni,6.409098050537192e-4,1000,0,0.23815371381628356,0
0.060000000000000005,LORD,0.015205394995333688,1000,0,0.32091369797948793,0
0.060000000000000005,ADDIS,0.04197961266017862,1000,0,0.36180704722090307,0
0.060000000000000005,LORD2.plus,0.010318509827254392,1000,0,0.32432467244642604,0
0.060000000000000005,SAFFRON,0.07784883757287252,1000,0,0.3312503200263797,0
0.060000000000000005,LOND,0.002084678183761884,1000,0,0.2857489999059121,0
0.060000000000000005,LOND.dep,4.989683312815969e-4,1000,0,NA,1
0.060000000000000005,LORD.dep,0.011593655783202155,1000,0,0.027361181260353234,1
0.06999999999999999,Bonferroni,6.635448127826624e-4,1000,0,0.23881797719333972,0
0.06999999999999999,LORD,0.015361654691734346,1000,0,0.33051490911421494,0
0.06999999999999999,ADDIS,0.042774533234578076,1000,0,0.3721054424754981,0
0.06999999999999999,LORD2.plus,0.01029518329804126,1000,0,0.3328280143532505,0
0.06999999999999999,SAFFRON,0.07736797889984459,1000,0,0.34252696053404186,0
0.06999999999999999,LOND,0.0023281524084124124,1000,0,0.2907908184720186,0
0.06999999999999999,LOND.dep,5.921473600803997e-4,1000,0,NA,1
0.06999999999999999,LORD.dep,0.011734348982621937,1000,0,0.02582712631215607,1
0.08,Bonferroni,5.990150968019562e-4,1000,0,0.2388519354871017,0
0.08,LORD,0.016432259023914535,1000,0,0.3379009072147241,0
0.08,ADDIS,0.041463288994128704,1000,0,0.38060191268512095,0
0.08,LORD2.plus,0.010594575381405801,1000,0,0.3393371361285494,0
0.08,SAFFRON,0.07826417178943107,1000,0,0.3531543573326471,0
0.08,LOND,0.0021797471065889452,1000,0,0.2944979649044789,0
0.08,LOND.dep,4.8196523760400293e-4,1000,0,NA,1
0.08,LORD.dep,0.01019941425741843,1000,0,0.02600692782509246,1
0.09,Bonferroni,4.452666579580613e-4,1000,0,0.23874847713112238,0
0.09,LORD,0.015279810921267043,1000,0,0.3443755072667148,0
0.09,ADDIS,0.04284637340783161,1000,0,0.38854687458689774,0
0.09,LORD2.plus,0.009472264578709283,1000,0,0.34459476834020397,0
0.09,SAFFRON,0.07700875081446559,1000,0,0.3613015243956077,0
0.09,LOND,0.0017853263188220131,1000,0,0.297962616954318,0
0.09,LOND.dep,4.3701123592377586e-4,1000,0,NA,1
0.09,LORD.dep,0.009842156558762109,1000,0,0.024959812058298503,1
0.1,Bonferroni,3.916264557315123e-4,1000,0,0.23823728541631048,0
0.1,LORD,0.015517893576901113,1000,0,0.34983619114666414,0
0.1,ADDIS,0.0411644980046534,1000,0,0.3963908949381943,0
0.1,LORD2.plus,0.009403655597864364,1000,0,0.3495746453296594,0
0.1,SAFFRON,0.07673141049749403,1000,0,0.37030553937564,0
0.1,LOND,0.0017437106148888008,1000,0,0.300349716562643,0
0.1,LOND.dep,3.793101977751166e-4,1000,0,NA,1
0.1,LORD.dep,0.010389675159641135,1000,0,0.0232354873432918,1
0.15000000000000002,Bonferroni,3.22717094898331e-4,1000,0,0.23820478246220664,0
0.15000000000000002,LORD,0.016064553809421955,1000,0,0.37204559256914344,0
0.15000000000000002,ADDIS,0.043100209315719056,1000,0,0.4253903173051253,0
0.15000000000000002,LORD2.plus,0.009315456265139658,1000,0,0.3685884211079105,0
0.15000000000000002,SAFFRON,0.07534549945517095,1000,0,0.40493144102780076,0
0.15000000000000002,LOND,0.0017067189394758188,1000,0,0.31198235006522335,0
0.15000000000000002,LOND.dep,4.026543163875819e-4,1000,0,NA,1
0.15000000000000002,LORD.dep,0.009459187803016808,1000,0,0.027742545218003536,1
0.2,Bonferroni,1.874209132946942e-4,1000,0,0.23840791498616984,0
0.2,LORD,0.015041194802813063,1000,0,0.38932869383868296,0
0.2,ADDIS,0.04010077225943704,1000,0,0.4457808365323422,0
0.2,LORD2.plus,0.008355596322098533,1000,0,0.3837803557007848,0
0.2,SAFFRON,0.07124790615108482,1000,0,0.43030872519140634,0
0.2,LOND,0.0013919677319247602,1000,0,0.32158775592067157,0
0.2,LOND.dep,3.092420228052566e-4,1000,0,NA,1
0.2,LORD.dep,0.008030401606479618,1000,0,0.03129442820835319,1
0.25,Bonferroni,1.2133796664682311e-4,1000,0,0.23865058867883945,0
0.25,LORD,0.016153483603407272,1000,0,0.40294759138530606,0
0.25,ADDIS,0.04056082862897232,1000,0,0.4651013937343641,0
0.25,LORD2.plus,0.00893724315769597,1000,0,0.3956440914457332,0
0.25,SAFFRON,0.06873905256383005,1000,0,0.4518423321594681,0
0.25,LOND,0.0015042773787429429,1000,0,0.329332508829713,0
0.25,LOND.dep,2.3211142098332336e-4,1000,0,NA,1
0.25,LORD.dep,0.008102813353885414,1000,0,0.03782662363924526,1
0.30000000000000004,Bonferroni,1.1019110892341327e-4,1000,0,0.23856744845432115,0
0.30000000000000004,LORD,0.015353506135997487,1000,0,0.41412348737338495,0
0.30000000000000004,ADDIS,0.03850383870736976,1000,0,0.48032245309901345,0
0.30000000000000004,LORD2.plus,0.008559745417738617,1000,0,0.4053828969010626,0
0.30000000000000004,SAFFRON,0.06593410353839911,1000,0,0.4704818683970296,0
0.30000000000000004,LOND,0.0014804224071532576,1000,0,0.33540171294416854,0
0.30000000000000004,LOND.dep,2.564170116257851e-4,1000,0,NA,1
0.30000000000000004,LORD.dep,0.006366677973011511,1000,0,0.04351560624998973,1
0.35,Bonferroni,7.229186496238326e-5,1000,0,0.2391049213454305,0
0.35,LORD,0.014520157054945887,1000,0,0.4235584366750637,0
0.35,ADDIS,0.03709889817592441,1000,0,0.49294922179865763,0
0.35,LORD2.plus,0.007895899683794847,1000,0,0.4136483868447931,0
0.35,SAFFRON,0.06177433417987397,1000,0,0.48642109145928036,0
0.35,LOND,0.0011476270204249122,1000,0,0.34121206686229477,0
0.35,LOND.dep,1.738911139960009e-4,1000,0,NA,1
0.35,LORD.dep,0.005699710363724155,1000,0,0.04902026480314773,1
0.4,Bonferroni,8.123679595725375e-5,1000,0,0.23853094104529446,0
0.4,LORD,0.01320906078739685,1000,0,0.43157793440182907,0
0.4,ADDIS,0.03512627088038758,1000,0,0.5052433337834286,0
0.4,LORD2.plus,0.007269394535460818,1000,0,0.42073021901490193,0
0.4,SAFFRON,0.05803931548303897,1000,0,0.5011449571562241,0
0.4,LOND,0.001181158158642869,1000,0,0.3458008380078591,0
0.4,LOND.dep,2.2205595798977288e-4,1000,0,NA,1
0.4,LORD.dep,0.004474324554173355,1000,0,0.05745207670967109,1
0.45000000000000007,Bonferroni,5.500262779159735e-5,1000,0,0.23878911387842358,0
0.45000000000000007,LORD,0.01222522954881773,1000,0,0.43977901389769636,0
0.45000000000000007,ADDIS,0.03414853405122785,1000,0,0.5170080884232632,0
0.45000000000000007,LORD2.plus,0.006613822301539596,1000,0,0.4276130965894511,0
0.45000000000000007,SAFFRON,0.05529171290484023,1000,0,0.5156205513009876,0
0.45000000000000007,LOND,0.0010310279722187071,1000,0,0.35052174276376696,0
0.45000000000000007,LOND.dep,1.5242613438151223e-4,1000,0,NA,1
0.45000000000000007,LORD.dep,0.004442985628414788,1000,0,0.05979402998829375,1
0.5,Bonferroni,4.066314795957697e-5,1000,0,0.23822285362529036,0
0.5,LORD,0.011036509627904173,1000,0,0.4459612936381243,0
0.5,ADDIS,0.03250319011037643,1000,0,0.5277799451496701,0
0.5,LORD2.plus,0.005925283054754631,1000,0,0.43286718076566405,0
0.5,SAFFRON,0.05151005328918278,1000,0,0.5285445573079031,0
0.5,LOND,9.268396804390152e-4,1000,0,0.35378813437282997,0
0.5,LOND.dep,1.563277877386187e-4,1000,0,NA,1
0.5,LORD.dep,0.004220852293567118,1000,0,0.06837817671156815,1
0.55,Bonferroni,5.744671543005196e-5,1000,0,0.23847835674508988,0
0.55,LORD,0.010903126389753257,1000,0,0.4527268641240421,0
0.55,ADDIS,0.030633168591520814,1000,0,0.5383031680621745,0
0.55,LORD2.plus,0.006023815019833628,1000,0,0.43868001648866606,0
0.55,SAFFRON,0.047586864172586535,1000,0,0.5411433014738924,0
0.55,LOND,0.0010426881527200646,1000,0,0.3579070747740697,0
0.55,LOND.dep,2.204299781354446e-4,1000,0,NA,1
0.55,LORD.dep,0.003333039125935369,1000,0,0.0764448966018397,1
0.6,Bonferroni,3.199073216308483e-5,1000,0,0.23860775166517167,0
0.6,LORD,0.009512278014921608,1000,0,0.45844508890189595,0
0.6,ADDIS,0.02802271371691013,1000,0,0.5479826527585916,0
0.6,LORD2.plus,0.00523266347383948,1000,0,0.4435791990315064,0
0.6,SAFFRON,0.04390990800424189,1000,0,0.5536203340989758,0
0.6,LOND,8.729869049842208e-4,1000,0,0.3611599637856109,0
0.6,LOND.dep,1.5835069123006678e-4,1000,0,NA,1
0.6,LORD.dep,0.0037714595139287203,1000,0,0.08141924883771899,1
0.65,Bonferroni,2.6822258567774832e-5,1000,0,0.2384123155693704,0
0.65,LORD,0.008039877565455697,1000,0,0.46424807241234745,0
0.65,ADDIS,0.027111304471400425,1000,0,0.5588179999538917,0
0.65,LORD2.plus,0.0043202175331677126,1000,0,0.44816459183215757,0
0.65,SAFFRON,0.03979743611013689,1000,0,0.5660291366694147,0
0.65,LOND,6.449125899099494e-4,1000,0,0.3641897671574005,0
0.65,LOND.dep,1.0892062787032441e-4,1000,0,NA,1
0.65,LORD.dep,0.0020740361713403968,1000,0,0.08836278322948214,1
0.7000000000000001,Bonferroni,1.9256887900623732e-5,1000,0,0.23828415727900756,0
0.7000000000000001,LORD,0.006839202460201653,1000,0,0.46938651959793276,0
0.7000000000000001,ADDIS,0.024059870833746635,1000,0,0.5681662933249152,0
0.7000000000000001,LORD2.plus,0.0036482319504346434,1000,0,0.45249980365196435,0
0.7000000000000001,SAFFRON,0.0354425566189371,1000,0,0.5781555276646451,0
0.7000000000000001,LOND,5.56433033736635e-4,1000,0,0.3671494033497026,0
0.7000000000000001,LOND.dep,8.204787049985545e-5,1000,0,NA,1
0.7000000000000001,LORD.dep,0.0018481825732356734,1000,0,0.09543555204395959,1
0.75,Bonferroni,1.6997908512852246e-5,1000,0,0.23874802155861452,0
0.75,LORD,0.006197846943291477,1000,0,0.4747062497438321,0
0.75,ADDIS,0.020454331644631212,1000,0,0.5778435843361736,0
0.75,LORD2.plus,0.003409829388520841,1000,0,0.45679222529373653,0
0.75,SAFFRON,0.03067121140107275,1000,0,0.5904747890048674,0
0.75,LOND,5.909014446346805e-4,1000,0,0.37035338572795745,0
0.75,LOND.dep,1.1302442018932808e-4,1000,0,NA,1
0.75,LORD.dep,0.0015418991802948765,1000,0,0.1027347528478682,1
0.8,Bonferroni,6.809908904717732e-6,1000,0,0.23839350411975238,0
0.8,LORD,0.004589602722355426,1000,0,0.47937681097220486,0
0.8,ADDIS,0.017701094362299136,1000,0,0.587731003993522,0
0.8,LORD2.plus,0.0024499149373900155,1000,0,0.46041384447102573,0
0.8,SAFFRON,0.025941274245886752,1000,0,0.6036617911773692,0
0.8,LOND,3.3320126828745094e-4,1000,0,0.372714591468731,0
0.8,LOND.dep,4.797768135818435e-5,1000,0,NA,1
0.8,LORD.dep,0.001931854882181117,1000,0,0.10791257139629387,1
0.85,Bonferroni,6.323886096858844e-6,1000,0,0.23848849531150695,0
0.85,LORD,0.003476480870696379,1000,0,0.4842149174580132,0
0.85,ADDIS,0.014446419006149918,1000,0,0.5979284415012108,0
0.85,LORD2.plus,0.0018321747560804,1000,0,0.46425393896095035,0
0.85,SAFFRON,0.02053739589245685,1000,0,0.6170781892030783,0
0.85,LOND,2.665775644727364e-4,1000,0,0.3753042295723292,0
0.85,LOND.dep,4.1357958653585894e-5,1000,0,NA,1
0.85,LORD.dep,0.0012179035084503907,1000,0,0.11576666356794625,1
0.9,Bonferroni,5.396874371771954e-6,1000,0,0.23835525582595432,0
0.9,LORD,0.0022967254943503973,1000,0,0.4882659363811404,0
0.9,ADDIS,0.009903104634985404,1000,0,0.6080103253867881,0
0.9,LORD2.plus,0.0012347440917659953,1000,0,0.4674812023576111,0
0.9,SAFFRON,0.01453029989816086,1000,0,0.6314718952448787,0
0.9,LOND,1.9670104394569084e-4,1000,0,0.37749719598660575,0
0.9,LOND.dep,2.847606815407272e-5,1000,0,NA,1
0.9,LORD.dep,6.129360686673898e-4,1000,0,0.12408591000916212,1
0.9500000000000001,Bonferroni,2.138706025165661e-6,1000,0,0.23836230059539484,0
0.9500000000000001,LORD,0.0011393742853520153,1000,0,0.4926933946733841,0
0.9500000000000001,ADDIS,0.0055084182520981914,1000,0,0.6192454965610154,0
0.9500000000000001,LORD2.plus,5.884936004939251e-4,1000,0,0.4705934665721099,0
0.9500000000000001,SAFFRON,0.007900364304079917,1000,0,0.647249275285672,0
0.9500000000000001,LOND,8.185917689925202e-5,1000,0,0.3795542604586154,0
0.9500000000000001,LOND.dep,1.2397263887674736e-5,1000,0,NA,1
0.9500000000000001,LORD.dep,2.0420683578837068e-4,1000,0,0.13117127642199838,1
1,Bonferroni,0,1000,0,0.2384674,0
1,LORD,0,1000,0,0.4970941,0
1,ADDIS,0,1000,0,0.630267,0
1,LORD2.plus,0,1000,0,0.4740438,0
1,SAFFRON,0,1000,0,0.6646251100000002,0
1,LOND,0,1000,0,0.3821537,0
1,LOND.dep,0,1000,0,NA,1
1,LORD.dep,0,1000,0,0.1389658,1
